BEGIN TRANSACTION;
CREATE TABLE IF NOT EXISTS "__EFMigrationsHistory" (
	"MigrationId"	TEXT NOT NULL,
	"ProductVersion"	TEXT NOT NULL,
	CONSTRAINT "PK___EFMigrationsHistory" PRIMARY KEY("MigrationId")
);
CREATE TABLE IF NOT EXISTS "Categories" (
	"Id"	INTEGER NOT NULL,
	"Name"	TEXT,
	"CreatedDate"	TEXT NOT NULL,
	CONSTRAINT "PK_Categories" PRIMARY KEY("Id" AUTOINCREMENT)
);
CREATE TABLE IF NOT EXISTS "RunningTimes" (
	"Id"	INTEGER NOT NULL,
	CONSTRAINT "PK_RunningTimes" PRIMARY KEY("Id" AUTOINCREMENT)
);
CREATE TABLE IF NOT EXISTS "Movies" (
	"Id"	INTEGER NOT NULL,
	"Title"	TEXT,
	"Year"	INTEGER NOT NULL,
	"Director"	TEXT NOT NULL,
	"Cast"	TEXT NOT NULL,
	"Genre"	TEXT NOT NULL,
	"Notes"	TEXT NOT NULL,
	"RunningTimeId"	INTEGER,
	"Duration"	TEXT NOT NULL DEFAULT '0.0',
	"ImageUrl"	TEXT NOT NULL DEFAULT '',
	CONSTRAINT "FK_Movies_RunningTimes_RunningTimeId" FOREIGN KEY("RunningTimeId") REFERENCES "RunningTimes"("Id"),
	CONSTRAINT "PK_Movies" PRIMARY KEY("Id" AUTOINCREMENT)
);
CREATE TABLE IF NOT EXISTS "RunningDays" (
	"Id"	INTEGER NOT NULL,
	"Name"	TEXT,
	"RunningTimeId"	INTEGER,
	CONSTRAINT "FK_RunningDays_RunningTimes_RunningTimeId" FOREIGN KEY("RunningTimeId") REFERENCES "RunningTimes"("Id"),
	CONSTRAINT "PK_RunningDays" PRIMARY KEY("Id" AUTOINCREMENT)
);
CREATE TABLE IF NOT EXISTS "RunningHourAndMinutes" (
	"Id"	INTEGER NOT NULL,
	"Time"	TEXT NOT NULL,
	"RunningDayId"	INTEGER,
	CONSTRAINT "FK_RunningHourAndMinutes_RunningDays_RunningDayId" FOREIGN KEY("RunningDayId") REFERENCES "RunningDays"("Id"),
	CONSTRAINT "PK_RunningHourAndMinutes" PRIMARY KEY("Id" AUTOINCREMENT)
);
CREATE TABLE IF NOT EXISTS "HangFire.Schema" (
	"Version"	integer NOT NULL
);
CREATE TABLE IF NOT EXISTS "HangFire.Job" (
	"Id"	INTEGER NOT NULL,
	"StateId"	integer,
	"StateName"	nvarchar(20) COLLATE NOCASE,
	"InvocationData"	nvarchar NOT NULL COLLATE NOCASE,
	"Arguments"	nvarchar NOT NULL COLLATE NOCASE,
	"CreatedAt"	datetime NOT NULL,
	"ExpireAt"	datetime,
	PRIMARY KEY("Id" AUTOINCREMENT)
);
CREATE TABLE IF NOT EXISTS "HangFire.State" (
	"Id"	INTEGER NOT NULL,
	"JobId"	integer NOT NULL,
	"Name"	nvarchar(20) NOT NULL COLLATE NOCASE,
	"Reason"	nvarchar(100) COLLATE NOCASE,
	"CreatedAt"	datetime NOT NULL,
	"Data"	nvarchar COLLATE NOCASE,
	FOREIGN KEY("JobId") REFERENCES "HangFire.Job"("Id") ON UPDATE CASCADE ON DELETE CASCADE,
	PRIMARY KEY("Id" AUTOINCREMENT)
);
CREATE TABLE IF NOT EXISTS "HangFire.JobParameter" (
	"Id"	INTEGER NOT NULL,
	"JobId"	integer NOT NULL,
	"Name"	nvarchar(40) NOT NULL COLLATE NOCASE,
	"Value"	nvarchar COLLATE NOCASE,
	FOREIGN KEY("JobId") REFERENCES "HangFire.Job"("Id") ON UPDATE CASCADE ON DELETE CASCADE,
	PRIMARY KEY("Id" AUTOINCREMENT)
);
CREATE TABLE IF NOT EXISTS "HangFire.JobQueue" (
	"Id"	INTEGER NOT NULL,
	"JobId"	integer NOT NULL,
	"Queue"	nvarchar(50) NOT NULL COLLATE NOCASE,
	"FetchedAt"	datetime,
	PRIMARY KEY("Id" AUTOINCREMENT)
);
CREATE TABLE IF NOT EXISTS "HangFire.Server" (
	"Id"	nvarchar(100) NOT NULL COLLATE NOCASE,
	"Data"	nvarchar COLLATE NOCASE,
	"LastHeartbeat"	datetime NOT NULL,
	PRIMARY KEY("Id")
);
CREATE TABLE IF NOT EXISTS "HangFire.List" (
	"Id"	INTEGER NOT NULL,
	"Key"	nvarchar(100) NOT NULL COLLATE NOCASE,
	"Value"	nvarchar COLLATE NOCASE,
	"ExpireAt"	datetime,
	PRIMARY KEY("Id" AUTOINCREMENT)
);
CREATE TABLE IF NOT EXISTS "HangFire.Set" (
	"Id"	INTEGER NOT NULL,
	"Key"	nvarchar(100) NOT NULL COLLATE NOCASE,
	"Score"	float NOT NULL,
	"Value"	nvarchar(256) NOT NULL COLLATE NOCASE,
	"ExpireAt"	datetime,
	PRIMARY KEY("Id" AUTOINCREMENT)
);
CREATE TABLE IF NOT EXISTS "HangFire.Counter" (
	"Id"	INTEGER NOT NULL,
	"Key"	nvarchar(100) NOT NULL COLLATE NOCASE,
	"Value"	smallint NOT NULL,
	"ExpireAt"	datetime,
	PRIMARY KEY("Id" AUTOINCREMENT)
);
CREATE TABLE IF NOT EXISTS "HangFire.Hash" (
	"Id"	INTEGER NOT NULL,
	"Key"	nvarchar(100) NOT NULL COLLATE NOCASE,
	"Field"	nvarchar(100) NOT NULL COLLATE NOCASE,
	"Value"	nvarchar COLLATE NOCASE,
	"ExpireAt"	datetime COLLATE NOCASE,
	PRIMARY KEY("Id" AUTOINCREMENT)
);
CREATE TABLE IF NOT EXISTS "HangFire.AggregatedCounter" (
	"Id"	INTEGER NOT NULL,
	"Key"	nvarchar(100) NOT NULL COLLATE NOCASE,
	"Value"	integer NOT NULL,
	"ExpireAt"	datetime,
	PRIMARY KEY("Id" AUTOINCREMENT)
);
CREATE TABLE IF NOT EXISTS "AgeCategoryDetails" (
	"Id"	INTEGER NOT NULL,
	"AgeCategoryType"	TEXT NOT NULL,
	"TicketId"	INTEGER,
	"AgeCategoryUnits"	INTEGER,
	"UnitPriceForAgeCategory"	TEXT NOT NULL,
	"TotalPriceForAnAgeCategory"	TEXT NOT NULL,
	CONSTRAINT "PK_AgeCategoryDetails" PRIMARY KEY("Id" AUTOINCREMENT)
);
CREATE TABLE IF NOT EXISTS "Bookings" (
	"Id"	INTEGER NOT NULL,
	"MovieId"	INTEGER NOT NULL,
	"MovieBookedBy"	TEXT NOT NULL,
	"MovieBookedon"	TEXT NOT NULL,
	"BookedTime"	TEXT NOT NULL,
	"BookingOwnerEmail"	TEXT NOT NULL,
	"TotalBookedSeats"	INTEGER NOT NULL,
	CONSTRAINT "PK_Bookings" PRIMARY KEY("Id" AUTOINCREMENT)
);
CREATE TABLE IF NOT EXISTS "Seats" (
	"Id"	INTEGER NOT NULL,
	"Section"	TEXT NOT NULL,
	"ColumnNumber"	TEXT NOT NULL,
	"RowAlphabet"	TEXT NOT NULL,
	"BookingId"	INTEGER,
	CONSTRAINT "FK_Seats_Bookings_BookingId" FOREIGN KEY("BookingId") REFERENCES "Bookings"("Id"),
	CONSTRAINT "PK_Seats" PRIMARY KEY("Id" AUTOINCREMENT)
);
CREATE TABLE IF NOT EXISTS "Tickets" (
	"Id"	INTEGER NOT NULL,
	"BookingId"	INTEGER NOT NULL,
	"TotalNumberOfTicketsTobeBooked"	INTEGER NOT NULL,
	"TotalPricePerAgeCategories"	TEXT NOT NULL DEFAULT '0.0',
	CONSTRAINT "FK_Tickets_Bookings_BookingId" FOREIGN KEY("BookingId") REFERENCES "Bookings"("Id") ON DELETE CASCADE,
	CONSTRAINT "PK_Tickets" PRIMARY KEY("Id" AUTOINCREMENT)
);
INSERT INTO "__EFMigrationsHistory" VALUES ('20220311133040_AddedMovieBooKingMovies','6.0.3');
INSERT INTO "__EFMigrationsHistory" VALUES ('20220317145631_addedAdditionalMovieColumns','6.0.3');
INSERT INTO "__EFMigrationsHistory" VALUES ('20220320071040_addedBookingDetail','6.0.3');
INSERT INTO "__EFMigrationsHistory" VALUES ('20220320112140_addedticketBookingDetail','6.0.3');
INSERT INTO "Categories" VALUES (1,'Series','0001-01-01 00:00:00');
INSERT INTO "Categories" VALUES (2,'Movies','0001-01-01 00:00:00');
INSERT INTO "RunningTimes" VALUES (227);
INSERT INTO "RunningTimes" VALUES (278);
INSERT INTO "RunningTimes" VALUES (326);
INSERT INTO "RunningTimes" VALUES (358);
INSERT INTO "RunningTimes" VALUES (511);
INSERT INTO "RunningTimes" VALUES (768);
INSERT INTO "RunningTimes" VALUES (774);
INSERT INTO "RunningTimes" VALUES (853);
INSERT INTO "RunningTimes" VALUES (911);
INSERT INTO "RunningTimes" VALUES (995);
INSERT INTO "Movies" VALUES (33,'Batman v Superman: Dawn of Justice',2016,'Zack Snyder','Henry Cavill, Ben Affleck, Gal Gadot, Amy Adams','Action','Warner Bros., Sequel to Man of Steel (2013)',358,'120.0','https://res.cloudinary.com/genesis-1/image/upload/v1624151427/age-of-dinosaurs1.jpg');
INSERT INTO "Movies" VALUES (162,'the Free State of Jones',2016,'Gary Ross','Matthew McConaughey, Gugu Mbatha-Raw, Keri Russell, Sean Bridgers','Thriller','STX Entertainment',227,'87','https://res.cloudinary.com/genesis-1/image/upload/v1624151426/airforce-one.jpg');
INSERT INTO "Movies" VALUES (193,'Geostorm',2016,'Dean Devlin','Gerard Butler, Andy Garcia, Ed Harris, Katheryn Winnick','Action','Warner Bros.',768,'91','https://res.cloudinary.com/genesis-1/image/upload/v1624151424/angel-has-fallen.jpg');
INSERT INTO "Movies" VALUES (317,'Kung Fu Panda 3',2016,'Jennifer Yuh Nelson','Jack Black, Angelina Jolie, Dustin Hoffman, Seth Rogen','Animation, Comedy','20th Century Fox, Sequel to Kung Fu Panda 2 (2011)',774,'111','https://res.cloudinary.com/genesis-1/image/upload/v1624151417/the-doorman-ruby-rose-poster-4k-wg-1920x1080-1.jpg');
INSERT INTO "Movies" VALUES (453,'Alice in Wonderland: Through the Looking Glass',2016,'James Bobin','Mia Wasikowska, Johnny Depp, Helena Bonham Carter, Anne Hathaway','Fantasy','Walt Disney Pictures, Based on the novel Through the Looking-Glass (1971) by Lewis Carroll, Sequel to Alice in Wonderland (2010)',326,'113','https://res.cloudinary.com/genesis-1/image/upload/v1624151419/uwp245446.jpg');
INSERT INTO "Movies" VALUES (749,'Zootopia',2016,'Byron Howard','Jason Bateman','Animation, Adventure','Walt Disney Pictures',911,'89','https://res.cloudinary.com/genesis-1/image/upload/v1624151422/bad-boys-2.jpg');
INSERT INTO "Movies" VALUES (773,'Finding Dory',2016,'Andrew Stanton','Ellen DeGeneres, Albert Brooks, Diane Keaton, Eugene Levy','Animation, Adventure','Walt Disney Pictures, Sequel to Finding Nemo (2003)',853,'90','https://res.cloudinary.com/genesis-1/image/upload/v1624151415/count-down.jpg');
INSERT INTO "Movies" VALUES (782,'Angry Birds',2016,'Clay Kaytis','Jason Sudeikis, Josh Gad, Bill Hader, Peter Dinklage','Animation, Action','Columbia Pictures, Based on the video game of the same name',511,'89','https://res.cloudinary.com/genesis-1/image/upload/v1624151423/ava-2020-movies-jessica-chastain-thriller-1920x1080-3772.jpg');
INSERT INTO "Movies" VALUES (874,'The Jungle Book',2016,'Jon Favreau','Bill Murray, Ben Kingsley, Idris Elba','Adventure','Walt Disney Pictures, Based on the story of the same name by Rudyard Kipling',995,'116','https://res.cloudinary.com/genesis-1/image/upload/v1624151409/mummy2.jpg');
INSERT INTO "Movies" VALUES (986,'Dirty Grandpa',2016,'Dan Mazer','Zac Efron, Robert De Niro, Zoey Deutch, Aubrey Plaza','Comedy','Lions Gate Entertainment',278,'78','https://res.cloudinary.com/genesis-1/image/upload/v1619708782/Extraction-1.jpg');
INSERT INTO "Movies" VALUES (999,'42',2013,'Ntwali','Ntwali,peter,jean','biography,Sports film','Testing Movie creation',NULL,'120.0','https://res.cloudinary.com/genesis-1/image/upload/v1619708774/12-rounds.jpg');
INSERT INTO "Movies" VALUES (1000,'42',2013,'Ntwali','Ntwali,peter,jean','biography,Sports film','Testing Movie creation',NULL,'120.0','https://res.cloudinary.com/genesis-1/image/upload/v1619704782/paradox_movie.jpg');
INSERT INTO "RunningDays" VALUES (6,'Mon',774);
INSERT INTO "RunningDays" VALUES (7,'Sat',995);
INSERT INTO "RunningDays" VALUES (37,'Fri',768);
INSERT INTO "RunningDays" VALUES (69,'Mon',326);
INSERT INTO "RunningDays" VALUES (77,'Sat',227);
INSERT INTO "RunningDays" VALUES (92,'Sat',911);
INSERT INTO "RunningDays" VALUES (100,'Fri',911);
INSERT INTO "RunningDays" VALUES (105,'Wen',853);
INSERT INTO "RunningDays" VALUES (116,'Tue',278);
INSERT INTO "RunningDays" VALUES (139,'Fri',278);
INSERT INTO "RunningDays" VALUES (144,'Sun',227);
INSERT INTO "RunningDays" VALUES (161,'Tue',511);
INSERT INTO "RunningDays" VALUES (172,'Tue',326);
INSERT INTO "RunningDays" VALUES (183,'Tue',853);
INSERT INTO "RunningDays" VALUES (185,'Sat',326);
INSERT INTO "RunningDays" VALUES (212,'Fri',995);
INSERT INTO "RunningDays" VALUES (237,'Thu',326);
INSERT INTO "RunningDays" VALUES (239,'Tue',358);
INSERT INTO "RunningDays" VALUES (242,'Tue',768);
INSERT INTO "RunningDays" VALUES (262,'Mon',227);
INSERT INTO "RunningDays" VALUES (263,'Wen',278);
INSERT INTO "RunningDays" VALUES (273,'Thu',358);
INSERT INTO "RunningDays" VALUES (277,'Sun',774);
INSERT INTO "RunningDays" VALUES (297,'Thu',774);
INSERT INTO "RunningDays" VALUES (303,'Thu',278);
INSERT INTO "RunningDays" VALUES (309,'Mon',911);
INSERT INTO "RunningDays" VALUES (326,'Thu',995);
INSERT INTO "RunningDays" VALUES (375,'Fri',326);
INSERT INTO "RunningDays" VALUES (397,'Fri',774);
INSERT INTO "RunningDays" VALUES (401,'Sat',853);
INSERT INTO "RunningDays" VALUES (412,'Thu',227);
INSERT INTO "RunningDays" VALUES (481,'Sun',511);
INSERT INTO "RunningDays" VALUES (499,'Thu',911);
INSERT INTO "RunningDays" VALUES (510,'Sun',278);
INSERT INTO "RunningDays" VALUES (511,'Sat',358);
INSERT INTO "RunningDays" VALUES (512,'Tue',227);
INSERT INTO "RunningDays" VALUES (516,'Wen',774);
INSERT INTO "RunningDays" VALUES (543,'Sat',511);
INSERT INTO "RunningDays" VALUES (548,'Wen',358);
INSERT INTO "RunningDays" VALUES (560,'Mon',853);
INSERT INTO "RunningDays" VALUES (562,'Sat',278);
INSERT INTO "RunningDays" VALUES (588,'Fri',358);
INSERT INTO "RunningDays" VALUES (600,'Sun',911);
INSERT INTO "RunningDays" VALUES (601,'Mon',358);
INSERT INTO "RunningDays" VALUES (612,'Mon',278);
INSERT INTO "RunningDays" VALUES (637,'Sun',358);
INSERT INTO "RunningDays" VALUES (653,'Wen',326);
INSERT INTO "RunningDays" VALUES (680,'Wen',911);
INSERT INTO "RunningDays" VALUES (705,'Wen',511);
INSERT INTO "RunningDays" VALUES (707,'Mon',511);
INSERT INTO "RunningDays" VALUES (716,'Mon',995);
INSERT INTO "RunningDays" VALUES (718,'Thu',511);
INSERT INTO "RunningDays" VALUES (719,'Thu',768);
INSERT INTO "RunningDays" VALUES (763,'Mon',768);
INSERT INTO "RunningDays" VALUES (766,'Thu',853);
INSERT INTO "RunningDays" VALUES (767,'Sat',774);
INSERT INTO "RunningDays" VALUES (784,'Sun',768);
INSERT INTO "RunningDays" VALUES (792,'Wen',768);
INSERT INTO "RunningDays" VALUES (799,'Wen',227);
INSERT INTO "RunningDays" VALUES (830,'Fri',511);
INSERT INTO "RunningDays" VALUES (858,'Tue',911);
INSERT INTO "RunningDays" VALUES (895,'Sun',326);
INSERT INTO "RunningDays" VALUES (902,'Fri',227);
INSERT INTO "RunningDays" VALUES (916,'Sun',995);
INSERT INTO "RunningDays" VALUES (944,'Tue',995);
INSERT INTO "RunningDays" VALUES (975,'Fri',853);
INSERT INTO "RunningDays" VALUES (986,'Sat',768);
INSERT INTO "RunningHourAndMinutes" VALUES (1,'2022-03-17 16:50:00',763);
INSERT INTO "RunningHourAndMinutes" VALUES (2,'2022-03-17 18:40:00',763);
INSERT INTO "RunningHourAndMinutes" VALUES (3,'2022-03-17 14:45:00',242);
INSERT INTO "RunningHourAndMinutes" VALUES (4,'2022-03-17 18:35:00',242);
INSERT INTO "RunningHourAndMinutes" VALUES (5,'2022-03-17 21:45:00',242);
INSERT INTO "RunningHourAndMinutes" VALUES (6,'2022-03-17 18:35:00',792);
INSERT INTO "RunningHourAndMinutes" VALUES (7,'2022-03-17 20:55:00',792);
INSERT INTO "RunningHourAndMinutes" VALUES (8,'2022-03-17 23:45:00',792);
INSERT INTO "RunningHourAndMinutes" VALUES (9,'2022-03-17 09:15:00',719);
INSERT INTO "RunningHourAndMinutes" VALUES (10,'2022-03-17 13:15:00',719);
INSERT INTO "RunningHourAndMinutes" VALUES (11,'2022-03-17 16:55:00',719);
INSERT INTO "RunningHourAndMinutes" VALUES (12,'2022-03-17 19:10:00',719);
INSERT INTO "RunningHourAndMinutes" VALUES (13,'2022-03-17 14:03:00',37);
INSERT INTO "RunningHourAndMinutes" VALUES (14,'2022-03-17 16:50:00',37);
INSERT INTO "RunningHourAndMinutes" VALUES (15,'2022-03-17 19:10:00',37);
INSERT INTO "RunningHourAndMinutes" VALUES (16,'2022-03-17 16:50:00',986);
INSERT INTO "RunningHourAndMinutes" VALUES (17,'2022-03-17 19:10:00',986);
INSERT INTO "RunningHourAndMinutes" VALUES (18,'2022-03-17 09:15:00',784);
INSERT INTO "RunningHourAndMinutes" VALUES (19,'2022-03-17 11:15:00',784);
INSERT INTO "RunningHourAndMinutes" VALUES (20,'2022-03-17 12:00:00',784);
INSERT INTO "RunningHourAndMinutes" VALUES (21,'2022-03-17 14:30:00',784);
INSERT INTO "RunningHourAndMinutes" VALUES (22,'2022-03-17 16:50:00',784);
INSERT INTO "RunningHourAndMinutes" VALUES (23,'2022-03-17 18:40:00',784);
INSERT INTO "RunningHourAndMinutes" VALUES (24,'2022-03-17 12:00:00',716);
INSERT INTO "RunningHourAndMinutes" VALUES (25,'2022-03-17 14:30:00',716);
INSERT INTO "RunningHourAndMinutes" VALUES (26,'2022-03-17 16:50:00',716);
INSERT INTO "RunningHourAndMinutes" VALUES (27,'2022-03-17 18:40:00',716);
INSERT INTO "RunningHourAndMinutes" VALUES (28,'2022-03-17 14:45:00',944);
INSERT INTO "RunningHourAndMinutes" VALUES (29,'2022-03-17 18:35:00',944);
INSERT INTO "RunningHourAndMinutes" VALUES (30,'2022-03-17 21:45:00',944);
INSERT INTO "RunningHourAndMinutes" VALUES (31,'2022-03-17 18:35:00',397);
INSERT INTO "RunningHourAndMinutes" VALUES (32,'2022-03-17 20:55:00',397);
INSERT INTO "RunningHourAndMinutes" VALUES (33,'2022-03-17 23:45:00',397);
INSERT INTO "RunningHourAndMinutes" VALUES (34,'2022-03-17 09:15:00',326);
INSERT INTO "RunningHourAndMinutes" VALUES (35,'2022-03-17 13:15:00',326);
INSERT INTO "RunningHourAndMinutes" VALUES (36,'2022-03-17 16:55:00',326);
INSERT INTO "RunningHourAndMinutes" VALUES (37,'2022-03-17 19:10:00',326);
INSERT INTO "RunningHourAndMinutes" VALUES (38,'2022-03-17 14:03:00',212);
INSERT INTO "RunningHourAndMinutes" VALUES (39,'2022-03-17 16:50:00',212);
INSERT INTO "RunningHourAndMinutes" VALUES (40,'2022-03-17 19:10:00',212);
INSERT INTO "RunningHourAndMinutes" VALUES (41,'2022-03-17 16:50:00',7);
INSERT INTO "RunningHourAndMinutes" VALUES (42,'2022-03-17 19:10:00',7);
INSERT INTO "RunningHourAndMinutes" VALUES (43,'2022-03-17 09:15:00',916);
INSERT INTO "RunningHourAndMinutes" VALUES (44,'2022-03-17 11:15:00',916);
INSERT INTO "RunningHourAndMinutes" VALUES (45,'2022-03-17 12:00:00',916);
INSERT INTO "RunningHourAndMinutes" VALUES (46,'2022-03-17 14:30:00',916);
INSERT INTO "RunningHourAndMinutes" VALUES (47,'2022-03-17 16:50:00',916);
INSERT INTO "RunningHourAndMinutes" VALUES (48,'2022-03-17 18:40:00',916);
INSERT INTO "RunningHourAndMinutes" VALUES (49,'2022-03-17 12:00:00',612);
INSERT INTO "RunningHourAndMinutes" VALUES (50,'2022-03-17 14:30:00',612);
INSERT INTO "RunningHourAndMinutes" VALUES (51,'2022-03-17 16:50:00',612);
INSERT INTO "RunningHourAndMinutes" VALUES (52,'2022-03-17 18:40:00',612);
INSERT INTO "RunningHourAndMinutes" VALUES (53,'2022-03-17 14:45:00',116);
INSERT INTO "RunningHourAndMinutes" VALUES (54,'2022-03-17 18:35:00',116);
INSERT INTO "RunningHourAndMinutes" VALUES (55,'2022-03-17 21:45:00',116);
INSERT INTO "RunningHourAndMinutes" VALUES (56,'2022-03-17 18:35:00',263);
INSERT INTO "RunningHourAndMinutes" VALUES (57,'2022-03-17 20:55:00',263);
INSERT INTO "RunningHourAndMinutes" VALUES (58,'2022-03-17 23:45:00',263);
INSERT INTO "RunningHourAndMinutes" VALUES (59,'2022-03-17 09:15:00',303);
INSERT INTO "RunningHourAndMinutes" VALUES (60,'2022-03-17 13:15:00',303);
INSERT INTO "RunningHourAndMinutes" VALUES (61,'2022-03-17 16:55:00',303);
INSERT INTO "RunningHourAndMinutes" VALUES (62,'2022-03-17 19:10:00',303);
INSERT INTO "RunningHourAndMinutes" VALUES (63,'2022-03-17 14:03:00',139);
INSERT INTO "RunningHourAndMinutes" VALUES (64,'2022-03-17 16:50:00',139);
INSERT INTO "RunningHourAndMinutes" VALUES (65,'2022-03-17 19:10:00',139);
INSERT INTO "RunningHourAndMinutes" VALUES (66,'2022-03-17 16:50:00',562);
INSERT INTO "RunningHourAndMinutes" VALUES (67,'2022-03-17 19:10:00',562);
INSERT INTO "RunningHourAndMinutes" VALUES (68,'2022-03-17 09:15:00',510);
INSERT INTO "RunningHourAndMinutes" VALUES (69,'2022-03-17 11:15:00',510);
INSERT INTO "RunningHourAndMinutes" VALUES (70,'2022-03-17 12:00:00',510);
INSERT INTO "RunningHourAndMinutes" VALUES (71,'2022-03-17 14:30:00',510);
INSERT INTO "RunningHourAndMinutes" VALUES (72,'2022-03-17 16:50:00',510);
INSERT INTO "RunningHourAndMinutes" VALUES (73,'2022-03-17 18:40:00',510);
INSERT INTO "RunningHourAndMinutes" VALUES (74,'2022-03-17 12:00:00',707);
INSERT INTO "RunningHourAndMinutes" VALUES (75,'2022-03-17 14:30:00',707);
INSERT INTO "RunningHourAndMinutes" VALUES (76,'2022-03-17 16:50:00',707);
INSERT INTO "RunningHourAndMinutes" VALUES (77,'2022-03-17 18:40:00',707);
INSERT INTO "RunningHourAndMinutes" VALUES (78,'2022-03-17 14:45:00',161);
INSERT INTO "RunningHourAndMinutes" VALUES (79,'2022-03-17 18:35:00',161);
INSERT INTO "RunningHourAndMinutes" VALUES (80,'2022-03-17 21:45:00',161);
INSERT INTO "RunningHourAndMinutes" VALUES (81,'2022-03-17 18:35:00',705);
INSERT INTO "RunningHourAndMinutes" VALUES (82,'2022-03-17 20:55:00',705);
INSERT INTO "RunningHourAndMinutes" VALUES (83,'2022-03-17 23:45:00',705);
INSERT INTO "RunningHourAndMinutes" VALUES (84,'2022-03-17 09:15:00',718);
INSERT INTO "RunningHourAndMinutes" VALUES (85,'2022-03-17 13:15:00',718);
INSERT INTO "RunningHourAndMinutes" VALUES (86,'2022-03-17 16:55:00',718);
INSERT INTO "RunningHourAndMinutes" VALUES (87,'2022-03-17 19:10:00',718);
INSERT INTO "RunningHourAndMinutes" VALUES (88,'2022-03-17 14:03:00',830);
INSERT INTO "RunningHourAndMinutes" VALUES (89,'2022-03-17 16:50:00',830);
INSERT INTO "RunningHourAndMinutes" VALUES (90,'2022-03-17 19:10:00',830);
INSERT INTO "RunningHourAndMinutes" VALUES (91,'2022-03-17 16:50:00',543);
INSERT INTO "RunningHourAndMinutes" VALUES (92,'2022-03-17 19:10:00',543);
INSERT INTO "RunningHourAndMinutes" VALUES (93,'2022-03-17 09:15:00',481);
INSERT INTO "RunningHourAndMinutes" VALUES (94,'2022-03-17 11:15:00',481);
INSERT INTO "RunningHourAndMinutes" VALUES (95,'2022-03-17 12:00:00',481);
INSERT INTO "RunningHourAndMinutes" VALUES (96,'2022-03-17 14:30:00',481);
INSERT INTO "RunningHourAndMinutes" VALUES (97,'2022-03-17 16:50:00',481);
INSERT INTO "RunningHourAndMinutes" VALUES (98,'2022-03-17 18:40:00',481);
INSERT INTO "RunningHourAndMinutes" VALUES (99,'2022-03-17 12:00:00',560);
INSERT INTO "RunningHourAndMinutes" VALUES (100,'2022-03-17 14:30:00',560);
INSERT INTO "RunningHourAndMinutes" VALUES (101,'2022-03-17 16:50:00',560);
INSERT INTO "RunningHourAndMinutes" VALUES (102,'2022-03-17 18:40:00',560);
INSERT INTO "RunningHourAndMinutes" VALUES (103,'2022-03-17 14:45:00',183);
INSERT INTO "RunningHourAndMinutes" VALUES (104,'2022-03-17 18:35:00',183);
INSERT INTO "RunningHourAndMinutes" VALUES (105,'2022-03-17 21:45:00',183);
INSERT INTO "RunningHourAndMinutes" VALUES (106,'2022-03-17 18:35:00',105);
INSERT INTO "RunningHourAndMinutes" VALUES (107,'2022-03-17 20:55:00',105);
INSERT INTO "RunningHourAndMinutes" VALUES (108,'2022-03-17 23:45:00',105);
INSERT INTO "RunningHourAndMinutes" VALUES (109,'2022-03-17 09:15:00',766);
INSERT INTO "RunningHourAndMinutes" VALUES (110,'2022-03-17 13:15:00',766);
INSERT INTO "RunningHourAndMinutes" VALUES (111,'2022-03-17 16:55:00',766);
INSERT INTO "RunningHourAndMinutes" VALUES (112,'2022-03-17 19:10:00',766);
INSERT INTO "RunningHourAndMinutes" VALUES (113,'2022-03-17 14:03:00',975);
INSERT INTO "RunningHourAndMinutes" VALUES (114,'2022-03-17 16:50:00',975);
INSERT INTO "RunningHourAndMinutes" VALUES (115,'2022-03-17 19:10:00',975);
INSERT INTO "RunningHourAndMinutes" VALUES (116,'2022-03-17 16:50:00',401);
INSERT INTO "RunningHourAndMinutes" VALUES (117,'2022-03-17 19:10:00',401);
INSERT INTO "RunningHourAndMinutes" VALUES (118,'2022-03-17 09:15:00',172);
INSERT INTO "RunningHourAndMinutes" VALUES (119,'2022-03-17 11:15:00',172);
INSERT INTO "RunningHourAndMinutes" VALUES (120,'2022-03-17 12:00:00',172);
INSERT INTO "RunningHourAndMinutes" VALUES (121,'2022-03-17 14:30:00',172);
INSERT INTO "RunningHourAndMinutes" VALUES (122,'2022-03-17 16:50:00',172);
INSERT INTO "RunningHourAndMinutes" VALUES (123,'2022-03-17 18:40:00',172);
INSERT INTO "RunningHourAndMinutes" VALUES (124,'2022-03-17 12:00:00',69);
INSERT INTO "RunningHourAndMinutes" VALUES (125,'2022-03-17 14:30:00',69);
INSERT INTO "RunningHourAndMinutes" VALUES (126,'2022-03-17 16:50:00',69);
INSERT INTO "RunningHourAndMinutes" VALUES (127,'2022-03-17 18:40:00',69);
INSERT INTO "RunningHourAndMinutes" VALUES (128,'2022-03-17 14:45:00',172);
INSERT INTO "RunningHourAndMinutes" VALUES (129,'2022-03-17 18:35:00',172);
INSERT INTO "RunningHourAndMinutes" VALUES (130,'2022-03-17 21:45:00',172);
INSERT INTO "RunningHourAndMinutes" VALUES (131,'2022-03-17 18:35:00',653);
INSERT INTO "RunningHourAndMinutes" VALUES (132,'2022-03-17 20:55:00',653);
INSERT INTO "RunningHourAndMinutes" VALUES (133,'2022-03-17 23:45:00',653);
INSERT INTO "RunningHourAndMinutes" VALUES (134,'2022-03-17 09:15:00',237);
INSERT INTO "RunningHourAndMinutes" VALUES (135,'2022-03-17 13:15:00',237);
INSERT INTO "RunningHourAndMinutes" VALUES (136,'2022-03-17 16:55:00',237);
INSERT INTO "RunningHourAndMinutes" VALUES (137,'2022-03-17 19:10:00',237);
INSERT INTO "RunningHourAndMinutes" VALUES (138,'2022-03-17 14:03:00',375);
INSERT INTO "RunningHourAndMinutes" VALUES (139,'2022-03-17 16:50:00',375);
INSERT INTO "RunningHourAndMinutes" VALUES (140,'2022-03-17 19:10:00',375);
INSERT INTO "RunningHourAndMinutes" VALUES (141,'2022-03-17 16:50:00',185);
INSERT INTO "RunningHourAndMinutes" VALUES (142,'2022-03-17 19:10:00',185);
INSERT INTO "RunningHourAndMinutes" VALUES (143,'2022-03-17 09:15:00',895);
INSERT INTO "RunningHourAndMinutes" VALUES (144,'2022-03-17 11:15:00',895);
INSERT INTO "RunningHourAndMinutes" VALUES (145,'2022-03-17 12:00:00',895);
INSERT INTO "RunningHourAndMinutes" VALUES (146,'2022-03-17 14:30:00',895);
INSERT INTO "RunningHourAndMinutes" VALUES (147,'2022-03-17 16:50:00',895);
INSERT INTO "RunningHourAndMinutes" VALUES (148,'2022-03-17 18:40:00',895);
INSERT INTO "RunningHourAndMinutes" VALUES (149,'2022-03-17 12:00:00',601);
INSERT INTO "RunningHourAndMinutes" VALUES (150,'2022-03-17 14:30:00',601);
INSERT INTO "RunningHourAndMinutes" VALUES (151,'2022-03-17 16:50:00',601);
INSERT INTO "RunningHourAndMinutes" VALUES (152,'2022-03-17 18:40:00',601);
INSERT INTO "RunningHourAndMinutes" VALUES (153,'2022-03-17 14:45:00',239);
INSERT INTO "RunningHourAndMinutes" VALUES (154,'2022-03-17 18:35:00',239);
INSERT INTO "RunningHourAndMinutes" VALUES (155,'2022-03-17 21:45:00',239);
INSERT INTO "RunningHourAndMinutes" VALUES (156,'2022-03-17 18:35:00',548);
INSERT INTO "RunningHourAndMinutes" VALUES (157,'2022-03-17 20:55:00',548);
INSERT INTO "RunningHourAndMinutes" VALUES (158,'2022-03-17 23:45:00',548);
INSERT INTO "RunningHourAndMinutes" VALUES (159,'2022-03-17 09:15:00',273);
INSERT INTO "RunningHourAndMinutes" VALUES (160,'2022-03-17 13:15:00',273);
INSERT INTO "RunningHourAndMinutes" VALUES (161,'2022-03-17 16:55:00',273);
INSERT INTO "RunningHourAndMinutes" VALUES (162,'2022-03-17 19:10:00',273);
INSERT INTO "RunningHourAndMinutes" VALUES (163,'2022-03-17 14:03:00',588);
INSERT INTO "RunningHourAndMinutes" VALUES (164,'2022-03-17 16:50:00',588);
INSERT INTO "RunningHourAndMinutes" VALUES (165,'2022-03-17 19:10:00',588);
INSERT INTO "RunningHourAndMinutes" VALUES (166,'2022-03-17 16:50:00',511);
INSERT INTO "RunningHourAndMinutes" VALUES (167,'2022-03-17 19:10:00',511);
INSERT INTO "RunningHourAndMinutes" VALUES (168,'2022-03-17 09:15:00',637);
INSERT INTO "RunningHourAndMinutes" VALUES (169,'2022-03-17 11:15:00',637);
INSERT INTO "RunningHourAndMinutes" VALUES (170,'2022-03-17 12:00:00',637);
INSERT INTO "RunningHourAndMinutes" VALUES (171,'2022-03-17 14:30:00',637);
INSERT INTO "RunningHourAndMinutes" VALUES (172,'2022-03-17 16:50:00',637);
INSERT INTO "RunningHourAndMinutes" VALUES (173,'2022-03-17 18:40:00',637);
INSERT INTO "RunningHourAndMinutes" VALUES (174,'2022-03-17 12:00:00',6);
INSERT INTO "RunningHourAndMinutes" VALUES (175,'2022-03-17 14:30:00',6);
INSERT INTO "RunningHourAndMinutes" VALUES (176,'2022-03-17 16:50:00',6);
INSERT INTO "RunningHourAndMinutes" VALUES (177,'2022-03-17 18:40:00',6);
INSERT INTO "RunningHourAndMinutes" VALUES (178,'2022-03-17 14:45:00',309);
INSERT INTO "RunningHourAndMinutes" VALUES (179,'2022-03-17 18:35:00',309);
INSERT INTO "RunningHourAndMinutes" VALUES (180,'2022-03-17 21:45:00',309);
INSERT INTO "RunningHourAndMinutes" VALUES (181,'2022-03-17 18:35:00',516);
INSERT INTO "RunningHourAndMinutes" VALUES (182,'2022-03-17 20:55:00',516);
INSERT INTO "RunningHourAndMinutes" VALUES (183,'2022-03-17 23:45:00',516);
INSERT INTO "RunningHourAndMinutes" VALUES (184,'2022-03-17 09:15:00',297);
INSERT INTO "RunningHourAndMinutes" VALUES (185,'2022-03-17 13:15:00',297);
INSERT INTO "RunningHourAndMinutes" VALUES (186,'2022-03-17 16:55:00',297);
INSERT INTO "RunningHourAndMinutes" VALUES (187,'2022-03-17 19:10:00',297);
INSERT INTO "RunningHourAndMinutes" VALUES (188,'2022-03-17 14:03:00',397);
INSERT INTO "RunningHourAndMinutes" VALUES (189,'2022-03-17 16:50:00',397);
INSERT INTO "RunningHourAndMinutes" VALUES (190,'2022-03-17 19:10:00',397);
INSERT INTO "RunningHourAndMinutes" VALUES (191,'2022-03-17 16:50:00',767);
INSERT INTO "RunningHourAndMinutes" VALUES (192,'2022-03-17 19:10:00',767);
INSERT INTO "RunningHourAndMinutes" VALUES (193,'2022-03-17 09:15:00',277);
INSERT INTO "RunningHourAndMinutes" VALUES (194,'2022-03-17 11:15:00',277);
INSERT INTO "RunningHourAndMinutes" VALUES (195,'2022-03-17 12:00:00',277);
INSERT INTO "RunningHourAndMinutes" VALUES (196,'2022-03-17 14:30:00',277);
INSERT INTO "RunningHourAndMinutes" VALUES (197,'2022-03-17 16:50:00',277);
INSERT INTO "RunningHourAndMinutes" VALUES (198,'2022-03-17 18:40:00',277);
INSERT INTO "RunningHourAndMinutes" VALUES (199,'2022-03-17 12:00:00',262);
INSERT INTO "RunningHourAndMinutes" VALUES (200,'2022-03-17 14:30:00',262);
INSERT INTO "RunningHourAndMinutes" VALUES (201,'2022-03-17 16:50:00',262);
INSERT INTO "RunningHourAndMinutes" VALUES (202,'2022-03-17 18:40:00',262);
INSERT INTO "RunningHourAndMinutes" VALUES (203,'2022-03-17 14:45:00',512);
INSERT INTO "RunningHourAndMinutes" VALUES (204,'2022-03-17 18:35:00',512);
INSERT INTO "RunningHourAndMinutes" VALUES (205,'2022-03-17 21:45:00',512);
INSERT INTO "RunningHourAndMinutes" VALUES (206,'2022-03-17 18:35:00',799);
INSERT INTO "RunningHourAndMinutes" VALUES (207,'2022-03-17 20:55:00',799);
INSERT INTO "RunningHourAndMinutes" VALUES (208,'2022-03-17 23:45:00',799);
INSERT INTO "RunningHourAndMinutes" VALUES (209,'2022-03-17 09:15:00',412);
INSERT INTO "RunningHourAndMinutes" VALUES (210,'2022-03-17 13:15:00',412);
INSERT INTO "RunningHourAndMinutes" VALUES (211,'2022-03-17 16:55:00',412);
INSERT INTO "RunningHourAndMinutes" VALUES (212,'2022-03-17 19:10:00',412);
INSERT INTO "RunningHourAndMinutes" VALUES (213,'2022-03-17 14:03:00',902);
INSERT INTO "RunningHourAndMinutes" VALUES (214,'2022-03-17 16:50:00',902);
INSERT INTO "RunningHourAndMinutes" VALUES (215,'2022-03-17 19:10:00',902);
INSERT INTO "RunningHourAndMinutes" VALUES (216,'2022-03-17 16:50:00',77);
INSERT INTO "RunningHourAndMinutes" VALUES (217,'2022-03-17 19:10:00',77);
INSERT INTO "RunningHourAndMinutes" VALUES (218,'2022-03-17 09:15:00',144);
INSERT INTO "RunningHourAndMinutes" VALUES (219,'2022-03-17 11:15:00',144);
INSERT INTO "RunningHourAndMinutes" VALUES (220,'2022-03-17 12:00:00',144);
INSERT INTO "RunningHourAndMinutes" VALUES (221,'2022-03-17 14:30:00',144);
INSERT INTO "RunningHourAndMinutes" VALUES (222,'2022-03-17 16:50:00',144);
INSERT INTO "RunningHourAndMinutes" VALUES (223,'2022-03-17 18:40:00',144);
INSERT INTO "RunningHourAndMinutes" VALUES (224,'2022-03-17 12:00:00',309);
INSERT INTO "RunningHourAndMinutes" VALUES (225,'2022-03-17 14:30:00',309);
INSERT INTO "RunningHourAndMinutes" VALUES (226,'2022-03-17 16:50:00',309);
INSERT INTO "RunningHourAndMinutes" VALUES (227,'2022-03-17 18:40:00',309);
INSERT INTO "RunningHourAndMinutes" VALUES (228,'2022-03-17 14:45:00',858);
INSERT INTO "RunningHourAndMinutes" VALUES (229,'2022-03-17 18:35:00',858);
INSERT INTO "RunningHourAndMinutes" VALUES (230,'2022-03-17 21:45:00',858);
INSERT INTO "RunningHourAndMinutes" VALUES (231,'2022-03-17 18:35:00',680);
INSERT INTO "RunningHourAndMinutes" VALUES (232,'2022-03-17 20:55:00',680);
INSERT INTO "RunningHourAndMinutes" VALUES (233,'2022-03-17 23:45:00',680);
INSERT INTO "RunningHourAndMinutes" VALUES (234,'2022-03-17 09:15:00',499);
INSERT INTO "RunningHourAndMinutes" VALUES (235,'2022-03-17 13:15:00',499);
INSERT INTO "RunningHourAndMinutes" VALUES (236,'2022-03-17 16:55:00',499);
INSERT INTO "RunningHourAndMinutes" VALUES (237,'2022-03-17 19:10:00',499);
INSERT INTO "RunningHourAndMinutes" VALUES (238,'2022-03-17 14:03:00',100);
INSERT INTO "RunningHourAndMinutes" VALUES (239,'2022-03-17 16:50:00',100);
INSERT INTO "RunningHourAndMinutes" VALUES (240,'2022-03-17 19:10:00',100);
INSERT INTO "RunningHourAndMinutes" VALUES (241,'2022-03-17 16:50:00',92);
INSERT INTO "RunningHourAndMinutes" VALUES (242,'2022-03-17 19:10:00',92);
INSERT INTO "RunningHourAndMinutes" VALUES (243,'2022-03-17 09:15:00',600);
INSERT INTO "RunningHourAndMinutes" VALUES (244,'2022-03-17 11:15:00',600);
INSERT INTO "RunningHourAndMinutes" VALUES (245,'2022-03-17 12:00:00',600);
INSERT INTO "RunningHourAndMinutes" VALUES (246,'2022-03-17 14:30:00',600);
INSERT INTO "RunningHourAndMinutes" VALUES (247,'2022-03-17 16:50:00',600);
INSERT INTO "RunningHourAndMinutes" VALUES (248,'2022-03-17 18:40:00',600);
INSERT INTO "HangFire.Job" VALUES (22,687,'Succeeded','{"Type":"Skillsbox.Challenge.MovieBooking.Infrastructure.Repository.BookingRepository, Skillsbox.Challenge.MovieBooking.Infrastructure, Version=1.0.0.0, Culture=neutral, PublicKeyToken=null","Method":"RefreshCache","ParameterTypes":"[]","Arguments":"[]"}','[]','2022-03-20 11:23:23.2279261','2022-03-21 11:26:27.5036509');
INSERT INTO "HangFire.Job" VALUES (23,689,'Succeeded','{"Type":"Skillsbox.Challenge.MovieBooking.Infrastructure.Repository.TicketRepository, Skillsbox.Challenge.MovieBooking.Infrastructure, Version=1.0.0.0, Culture=neutral, PublicKeyToken=null","Method":"RefreshCache","ParameterTypes":"[]","Arguments":"[]"}','[]','2022-03-20 11:23:49.5526997','2022-03-21 11:26:27.5095698');
INSERT INTO "HangFire.Job" VALUES (24,680,'Succeeded','{"Type":"Skillsbox.Challenge.MovieBooking.Infrastructure.Repository.AgeCategoryDetailRepository, Skillsbox.Challenge.MovieBooking.Infrastructure, Version=1.0.0.0, Culture=neutral, PublicKeyToken=null","Method":"RefreshCache","ParameterTypes":"[]","Arguments":"[]"}','[]','2022-03-20 11:24:05.3956555','2022-03-21 11:26:27.4729906');
INSERT INTO "HangFire.Job" VALUES (25,717,'Succeeded','{"Type":"Skillsbox.Challenge.MovieBooking.Infrastructure.Repository.BookingRepository, Skillsbox.Challenge.MovieBooking.Infrastructure, Version=1.0.0.0, Culture=neutral, PublicKeyToken=null","Method":"RefreshCache","ParameterTypes":"[]","Arguments":"[]"}','[]','2022-03-20 11:27:06.7337756','2022-03-21 11:27:16.0102454');
INSERT INTO "HangFire.Job" VALUES (26,761,'Succeeded','{"Type":"Skillsbox.Challenge.MovieBooking.Infrastructure.Repository.TicketRepository, Skillsbox.Challenge.MovieBooking.Infrastructure, Version=1.0.0.0, Culture=neutral, PublicKeyToken=null","Method":"RefreshCache","ParameterTypes":"[]","Arguments":"[]"}','[]','2022-03-20 11:27:16.0333463','2022-03-21 11:32:39.9969506');
INSERT INTO "HangFire.Job" VALUES (27,789,'Succeeded','{"Type":"Skillsbox.Challenge.MovieBooking.Infrastructure.Repository.BookingRepository, Skillsbox.Challenge.MovieBooking.Infrastructure, Version=1.0.0.0, Culture=neutral, PublicKeyToken=null","Method":"RefreshCache","ParameterTypes":"[]","Arguments":"[]"}','[]','2022-03-20 11:33:09.7519218','2022-03-21 11:33:11.3799543');
INSERT INTO "HangFire.Job" VALUES (28,795,'Succeeded','{"Type":"Skillsbox.Challenge.MovieBooking.Infrastructure.Repository.TicketRepository, Skillsbox.Challenge.MovieBooking.Infrastructure, Version=1.0.0.0, Culture=neutral, PublicKeyToken=null","Method":"RefreshCache","ParameterTypes":"[]","Arguments":"[]"}','[]','2022-03-20 11:33:11.2496249','2022-03-21 11:33:12.1855895');
INSERT INTO "HangFire.Job" VALUES (29,808,'Succeeded','{"Type":"Skillsbox.Challenge.MovieBooking.Infrastructure.Repository.AgeCategoryDetailRepository, Skillsbox.Challenge.MovieBooking.Infrastructure, Version=1.0.0.0, Culture=neutral, PublicKeyToken=null","Method":"RefreshCache","ParameterTypes":"[]","Arguments":"[]"}','[]','2022-03-20 11:33:13.6992026','2022-03-21 11:33:26.2431815');
INSERT INTO "HangFire.Job" VALUES (30,819,'Succeeded','{"Type":"Skillsbox.Challenge.MovieBooking.Infrastructure.Repository.SeatRepository, Skillsbox.Challenge.MovieBooking.Infrastructure, Version=1.0.0.0, Culture=neutral, PublicKeyToken=null","Method":"RefreshCache","ParameterTypes":"[]","Arguments":"[]"}','[]','2022-03-20 11:33:14.8426017','2022-03-21 11:33:26.3245957');
INSERT INTO "HangFire.Job" VALUES (31,855,'Succeeded','{"Type":"Skillsbox.Challenge.MovieBooking.Infrastructure.CategoryRepository, Skillsbox.Challenge.MovieBooking.Infrastructure, Version=1.0.0.0, Culture=neutral, PublicKeyToken=null","Method":"RefreshCache","ParameterTypes":"[]","Arguments":"[]"}','[]','2022-03-20 18:18:05.6456113','2022-03-21 18:18:09.9541096');
INSERT INTO "HangFire.Job" VALUES (32,865,'Succeeded','{"Type":"Skillsbox.Challenge.MovieBooking.Infrastructure.CategoryRepository, Skillsbox.Challenge.MovieBooking.Infrastructure, Version=1.0.0.0, Culture=neutral, PublicKeyToken=null","Method":"RefreshCache","ParameterTypes":"[]","Arguments":"[]"}','[]','2022-03-20 18:18:21.0554601','2022-03-21 18:18:24.9755614');
INSERT INTO "HangFire.State" VALUES (622,22,'Enqueued',NULL,'2022-03-20 11:23:23.277246','{"EnqueuedAt":"2022-03-20T11:23:23.2092660Z","Queue":"default"}');
INSERT INTO "HangFire.State" VALUES (623,22,'Processing',NULL,'2022-03-20 11:23:49.7020874','{"StartedAt":"2022-03-20T11:23:49.5142463Z","ServerId":"sv-itntwali:26648:e82dff55-1e61-4d31-8b9d-5ac15f6ca434","WorkerId":"ecfbe66f-cc58-4e0a-abb2-a1836e727f0e"}');
INSERT INTO "HangFire.State" VALUES (624,22,'Processing',NULL,'2022-03-20 11:23:49.7042743','{"StartedAt":"2022-03-20T11:23:49.5116318Z","ServerId":"sv-itntwali:26648:e82dff55-1e61-4d31-8b9d-5ac15f6ca434","WorkerId":"f617db5a-f9fc-4bb9-9a53-1e1346f88806"}');
INSERT INTO "HangFire.State" VALUES (625,22,'Processing',NULL,'2022-03-20 11:23:49.7052522','{"StartedAt":"2022-03-20T11:23:49.5108184Z","ServerId":"sv-itntwali:26648:e82dff55-1e61-4d31-8b9d-5ac15f6ca434","WorkerId":"e79f050e-bade-4619-84f2-7deaa3b5935b"}');
INSERT INTO "HangFire.State" VALUES (626,22,'Processing',NULL,'2022-03-20 11:23:49.7064827','{"StartedAt":"2022-03-20T11:23:49.5088985Z","ServerId":"sv-itntwali:26648:e82dff55-1e61-4d31-8b9d-5ac15f6ca434","WorkerId":"75369a31-452c-4142-9962-40c86b811691"}');
INSERT INTO "HangFire.State" VALUES (627,22,'Processing',NULL,'2022-03-20 11:23:49.7076599','{"StartedAt":"2022-03-20T11:23:49.5084996Z","ServerId":"sv-itntwali:26648:e82dff55-1e61-4d31-8b9d-5ac15f6ca434","WorkerId":"c34ef32f-7576-4acb-95df-cbbd49c119cb"}');
INSERT INTO "HangFire.State" VALUES (628,22,'Processing',NULL,'2022-03-20 11:23:49.7091764','{"StartedAt":"2022-03-20T11:23:49.5127829Z","ServerId":"sv-itntwali:26648:e82dff55-1e61-4d31-8b9d-5ac15f6ca434","WorkerId":"17659964-cd54-4bdb-ad5c-174dd35ed754"}');
INSERT INTO "HangFire.State" VALUES (629,22,'Processing',NULL,'2022-03-20 11:23:49.7107222','{"StartedAt":"2022-03-20T11:23:49.5096915Z","ServerId":"sv-itntwali:26648:e82dff55-1e61-4d31-8b9d-5ac15f6ca434","WorkerId":"52e6e45a-d69c-4e2a-b012-6fea5b910142"}');
INSERT INTO "HangFire.State" VALUES (630,22,'Processing',NULL,'2022-03-20 11:23:49.7122081','{"StartedAt":"2022-03-20T11:23:49.5154059Z","ServerId":"sv-itntwali:26648:e82dff55-1e61-4d31-8b9d-5ac15f6ca434","WorkerId":"63774695-2bfd-4a93-a835-6c1134a81c9b"}');
INSERT INTO "HangFire.State" VALUES (631,22,'Processing',NULL,'2022-03-20 11:23:49.7168782','{"StartedAt":"2022-03-20T11:23:49.6873681Z","ServerId":"sv-itntwali:26648:e82dff55-1e61-4d31-8b9d-5ac15f6ca434","WorkerId":"21c0e686-ff49-4357-b305-66cdad4e6dbe"}');
INSERT INTO "HangFire.State" VALUES (632,22,'Processing',NULL,'2022-03-20 11:23:49.718005','{"StartedAt":"2022-03-20T11:23:49.6889849Z","ServerId":"sv-itntwali:26648:e82dff55-1e61-4d31-8b9d-5ac15f6ca434","WorkerId":"6065b5e7-68be-4bc9-a18e-00471b36ab71"}');
INSERT INTO "HangFire.State" VALUES (633,22,'Processing',NULL,'2022-03-20 11:23:49.7192105','{"StartedAt":"2022-03-20T11:23:49.6907254Z","ServerId":"sv-itntwali:26648:e82dff55-1e61-4d31-8b9d-5ac15f6ca434","WorkerId":"59f5d0e9-faf9-436d-89c9-c892434744bf"}');
INSERT INTO "HangFire.State" VALUES (634,22,'Processing',NULL,'2022-03-20 11:23:49.7206219','{"StartedAt":"2022-03-20T11:23:49.6921440Z","ServerId":"sv-itntwali:26648:e82dff55-1e61-4d31-8b9d-5ac15f6ca434","WorkerId":"36704df0-1c4d-4322-83f0-f5adb6e2313a"}');
INSERT INTO "HangFire.State" VALUES (635,22,'Processing',NULL,'2022-03-20 11:23:49.7221111','{"StartedAt":"2022-03-20T11:23:49.6933340Z","ServerId":"sv-itntwali:26648:e82dff55-1e61-4d31-8b9d-5ac15f6ca434","WorkerId":"a5781fe3-e942-4302-bc05-59b42e56ab8d"}');
INSERT INTO "HangFire.State" VALUES (636,22,'Processing',NULL,'2022-03-20 11:23:49.7233663','{"StartedAt":"2022-03-20T11:23:49.6945020Z","ServerId":"sv-itntwali:26648:e82dff55-1e61-4d31-8b9d-5ac15f6ca434","WorkerId":"1aec72ee-7b6c-441a-bb33-ce2a0e90c78e"}');
INSERT INTO "HangFire.State" VALUES (637,22,'Processing',NULL,'2022-03-20 11:23:49.7246833','{"StartedAt":"2022-03-20T11:23:49.6957894Z","ServerId":"sv-itntwali:26648:e82dff55-1e61-4d31-8b9d-5ac15f6ca434","WorkerId":"96ca7011-9e3f-42b8-82b9-9604fe9433b1"}');
INSERT INTO "HangFire.State" VALUES (638,22,'Processing',NULL,'2022-03-20 11:23:49.726069','{"StartedAt":"2022-03-20T11:23:49.6967362Z","ServerId":"sv-itntwali:26648:e82dff55-1e61-4d31-8b9d-5ac15f6ca434","WorkerId":"b20d559c-67f4-4811-ac5b-983df80c2c3e"}');
INSERT INTO "HangFire.State" VALUES (639,22,'Processing',NULL,'2022-03-20 11:23:49.7273811','{"StartedAt":"2022-03-20T11:23:49.6977361Z","ServerId":"sv-itntwali:26648:e82dff55-1e61-4d31-8b9d-5ac15f6ca434","WorkerId":"3478a9d6-5a78-4bdf-9a99-6aa1efd8bf19"}');
INSERT INTO "HangFire.State" VALUES (640,22,'Processing',NULL,'2022-03-20 11:23:49.7288272','{"StartedAt":"2022-03-20T11:23:49.6989241Z","ServerId":"sv-itntwali:26648:e82dff55-1e61-4d31-8b9d-5ac15f6ca434","WorkerId":"df8b1003-e597-4871-8c0b-f2ceb6fcc3f7"}');
INSERT INTO "HangFire.State" VALUES (641,22,'Processing',NULL,'2022-03-20 11:23:49.730178','{"StartedAt":"2022-03-20T11:23:49.7003842Z","ServerId":"sv-itntwali:26648:e82dff55-1e61-4d31-8b9d-5ac15f6ca434","WorkerId":"2cf6b204-6915-49f8-8cb8-f48016e3b9ed"}');
INSERT INTO "HangFire.State" VALUES (642,22,'Processing',NULL,'2022-03-20 11:23:49.7315729','{"StartedAt":"2022-03-20T11:23:49.7017593Z","ServerId":"sv-itntwali:26648:e82dff55-1e61-4d31-8b9d-5ac15f6ca434","WorkerId":"86e61a43-edd2-4d04-aa71-b3316b809212"}');
INSERT INTO "HangFire.State" VALUES (643,23,'Enqueued',NULL,'2022-03-20 11:23:49.7331468','{"EnqueuedAt":"2022-03-20T11:23:49.5525517Z","Queue":"default"}');
INSERT INTO "HangFire.State" VALUES (644,24,'Enqueued',NULL,'2022-03-20 11:24:05.4029067','{"EnqueuedAt":"2022-03-20T11:24:05.3954116Z","Queue":"default"}');
INSERT INTO "HangFire.State" VALUES (645,22,'Succeeded',NULL,'2022-03-20 11:26:27.2626262','{"SucceededAt":"2022-03-20T11:26:27.2279204Z","PerformanceDuration":"157520","Latency":"26478"}');
INSERT INTO "HangFire.State" VALUES (646,22,'Succeeded',NULL,'2022-03-20 11:26:27.2679217','{"SucceededAt":"2022-03-20T11:26:27.2307728Z","PerformanceDuration":"157506","Latency":"26495"}');
INSERT INTO "HangFire.State" VALUES (647,22,'Succeeded',NULL,'2022-03-20 11:26:27.2696471','{"SucceededAt":"2022-03-20T11:26:27.2412738Z","PerformanceDuration":"157519","Latency":"26492"}');
INSERT INTO "HangFire.State" VALUES (648,22,'Succeeded',NULL,'2022-03-20 11:26:27.2736544','{"SucceededAt":"2022-03-20T11:26:27.2381361Z","PerformanceDuration":"157512","Latency":"26496"}');
INSERT INTO "HangFire.State" VALUES (649,22,'Succeeded',NULL,'2022-03-20 11:26:27.2767201','{"SucceededAt":"2022-03-20T11:26:27.2339734Z","PerformanceDuration":"157507","Latency":"26498"}');
INSERT INTO "HangFire.State" VALUES (650,22,'Succeeded',NULL,'2022-03-20 11:26:27.2798399','{"SucceededAt":"2022-03-20T11:26:27.2517079Z","PerformanceDuration":"157522","Latency":"26501"}');
INSERT INTO "HangFire.State" VALUES (651,22,'Succeeded',NULL,'2022-03-20 11:26:27.2831214','{"SucceededAt":"2022-03-20T11:26:27.2279225Z","PerformanceDuration":"157521","Latency":"26477"}');
INSERT INTO "HangFire.State" VALUES (652,22,'Succeeded',NULL,'2022-03-20 11:26:27.2864534','{"SucceededAt":"2022-03-20T11:26:27.2580237Z","PerformanceDuration":"157543","Latency":"26485"}');
INSERT INTO "HangFire.State" VALUES (653,22,'Succeeded',NULL,'2022-03-20 11:26:27.2881034','{"SucceededAt":"2022-03-20T11:26:27.2278728Z","PerformanceDuration":"157516","Latency":"26482"}');
INSERT INTO "HangFire.State" VALUES (654,22,'Succeeded',NULL,'2022-03-20 11:26:27.2911266','{"SucceededAt":"2022-03-20T11:26:27.2279018Z","PerformanceDuration":"157519","Latency":"26479"}');
INSERT INTO "HangFire.State" VALUES (655,22,'Succeeded',NULL,'2022-03-20 11:26:27.2944151','{"SucceededAt":"2022-03-20T11:26:27.2479531Z","PerformanceDuration":"157516","Latency":"26502"}');
INSERT INTO "HangFire.State" VALUES (656,22,'Succeeded',NULL,'2022-03-20 11:26:27.2961411','{"SucceededAt":"2022-03-20T11:26:27.2278904Z","PerformanceDuration":"157514","Latency":"26484"}');
INSERT INTO "HangFire.State" VALUES (657,23,'Processing',NULL,'2022-03-20 11:26:27.2976463','{"StartedAt":"2022-03-20T11:26:27.2797089Z","ServerId":"sv-itntwali:26648:e82dff55-1e61-4d31-8b9d-5ac15f6ca434","WorkerId":"96ca7011-9e3f-42b8-82b9-9604fe9433b1"}');
INSERT INTO "HangFire.State" VALUES (658,22,'Succeeded',NULL,'2022-03-20 11:26:27.2991734','{"SucceededAt":"2022-03-20T11:26:27.2279101Z","PerformanceDuration":"157507","Latency":"26491"}');
INSERT INTO "HangFire.State" VALUES (659,22,'Succeeded',NULL,'2022-03-20 11:26:27.3021466','{"SucceededAt":"2022-03-20T11:26:27.2278826Z","PerformanceDuration":"157517","Latency":"26481"}');
INSERT INTO "HangFire.State" VALUES (660,23,'Processing',NULL,'2022-03-20 11:26:27.3086247','{"StartedAt":"2022-03-20T11:26:27.2906455Z","ServerId":"sv-itntwali:26648:e82dff55-1e61-4d31-8b9d-5ac15f6ca434","WorkerId":"17659964-cd54-4bdb-ad5c-174dd35ed754"}');
INSERT INTO "HangFire.State" VALUES (661,22,'Succeeded',NULL,'2022-03-20 11:26:27.309997','{"SucceededAt":"2022-03-20T11:26:27.2548913Z","PerformanceDuration":"157548","Latency":"26477"}');
INSERT INTO "HangFire.State" VALUES (662,23,'Processing',NULL,'2022-03-20 11:26:27.3119126','{"StartedAt":"2022-03-20T11:26:27.2942440Z","ServerId":"sv-itntwali:26648:e82dff55-1e61-4d31-8b9d-5ac15f6ca434","WorkerId":"75369a31-452c-4142-9962-40c86b811691"}');
INSERT INTO "HangFire.State" VALUES (663,23,'Processing',NULL,'2022-03-20 11:26:27.3174142','{"StartedAt":"2022-03-20T11:26:27.3075791Z","ServerId":"sv-itntwali:26648:e82dff55-1e61-4d31-8b9d-5ac15f6ca434","WorkerId":"52e6e45a-d69c-4e2a-b012-6fea5b910142"}');
INSERT INTO "HangFire.State" VALUES (664,23,'Processing',NULL,'2022-03-20 11:26:27.3217259','{"StartedAt":"2022-03-20T11:26:27.3085764Z","ServerId":"sv-itntwali:26648:e82dff55-1e61-4d31-8b9d-5ac15f6ca434","WorkerId":"e79f050e-bade-4619-84f2-7deaa3b5935b"}');
INSERT INTO "HangFire.State" VALUES (665,23,'Processing',NULL,'2022-03-20 11:26:27.3239828','{"StartedAt":"2022-03-20T11:26:27.2861534Z","ServerId":"sv-itntwali:26648:e82dff55-1e61-4d31-8b9d-5ac15f6ca434","WorkerId":"f617db5a-f9fc-4bb9-9a53-1e1346f88806"}');
INSERT INTO "HangFire.State" VALUES (666,23,'Processing',NULL,'2022-03-20 11:26:27.3275718','{"StartedAt":"2022-03-20T11:26:27.3173542Z","ServerId":"sv-itntwali:26648:e82dff55-1e61-4d31-8b9d-5ac15f6ca434","WorkerId":"c34ef32f-7576-4acb-95df-cbbd49c119cb"}');
INSERT INTO "HangFire.State" VALUES (667,23,'Succeeded',NULL,'2022-03-20 11:26:27.3316808','{"SucceededAt":"2022-03-20T11:26:27.3242473Z","PerformanceDuration":"14","Latency":"157757"}');
INSERT INTO "HangFire.State" VALUES (668,24,'Processing',NULL,'2022-03-20 11:26:27.3874834','{"StartedAt":"2022-03-20T11:26:27.3777468Z","ServerId":"sv-itntwali:26648:e82dff55-1e61-4d31-8b9d-5ac15f6ca434","WorkerId":"17659964-cd54-4bdb-ad5c-174dd35ed754"}');
INSERT INTO "HangFire.State" VALUES (669,24,'Processing',NULL,'2022-03-20 11:26:27.3896896','{"StartedAt":"2022-03-20T11:26:27.3806904Z","ServerId":"sv-itntwali:26648:e82dff55-1e61-4d31-8b9d-5ac15f6ca434","WorkerId":"63774695-2bfd-4a93-a835-6c1134a81c9b"}');
INSERT INTO "HangFire.State" VALUES (670,24,'Processing',NULL,'2022-03-20 11:26:27.4311087','{"StartedAt":"2022-03-20T11:26:27.3872679Z","ServerId":"sv-itntwali:26648:e82dff55-1e61-4d31-8b9d-5ac15f6ca434","WorkerId":"f617db5a-f9fc-4bb9-9a53-1e1346f88806"}');
INSERT INTO "HangFire.State" VALUES (671,24,'Processing',NULL,'2022-03-20 11:26:27.4333936','{"StartedAt":"2022-03-20T11:26:27.3896390Z","ServerId":"sv-itntwali:26648:e82dff55-1e61-4d31-8b9d-5ac15f6ca434","WorkerId":"ecfbe66f-cc58-4e0a-abb2-a1836e727f0e"}');
INSERT INTO "HangFire.State" VALUES (672,22,'Succeeded',NULL,'2022-03-20 11:26:27.4356704','{"SucceededAt":"2022-03-20T11:26:27.2602426Z","PerformanceDuration":"157541","Latency":"26490"}');
INSERT INTO "HangFire.State" VALUES (673,24,'Processing',NULL,'2022-03-20 11:26:27.4409483','{"StartedAt":"2022-03-20T11:26:27.4294768Z","ServerId":"sv-itntwali:26648:e82dff55-1e61-4d31-8b9d-5ac15f6ca434","WorkerId":"c34ef32f-7576-4acb-95df-cbbd49c119cb"}');
INSERT INTO "HangFire.State" VALUES (674,24,'Processing',NULL,'2022-03-20 11:26:27.4469626','{"StartedAt":"2022-03-20T11:26:27.3851492Z","ServerId":"sv-itntwali:26648:e82dff55-1e61-4d31-8b9d-5ac15f6ca434","WorkerId":"75369a31-452c-4142-9962-40c86b811691"}');
INSERT INTO "HangFire.State" VALUES (675,24,'Processing',NULL,'2022-03-20 11:26:27.4503263','{"StartedAt":"2022-03-20T11:26:27.4309538Z","ServerId":"sv-itntwali:26648:e82dff55-1e61-4d31-8b9d-5ac15f6ca434","WorkerId":"52e6e45a-d69c-4e2a-b012-6fea5b910142"}');
INSERT INTO "HangFire.State" VALUES (676,24,'Succeeded',NULL,'2022-03-20 11:26:27.4554456','{"SucceededAt":"2022-03-20T11:26:27.4472745Z","PerformanceDuration":"13","Latency":"142037"}');
INSERT INTO "HangFire.State" VALUES (677,24,'Processing',NULL,'2022-03-20 11:26:27.4620457','{"StartedAt":"2022-03-20T11:26:27.4552753Z","ServerId":"sv-itntwali:26648:e82dff55-1e61-4d31-8b9d-5ac15f6ca434","WorkerId":"e79f050e-bade-4619-84f2-7deaa3b5935b"}');
INSERT INTO "HangFire.State" VALUES (678,24,'Succeeded',NULL,'2022-03-20 11:26:27.465212','{"SucceededAt":"2022-03-20T11:26:27.4535767Z","PerformanceDuration":"64","Latency":"141993"}');
INSERT INTO "HangFire.State" VALUES (679,24,'Succeeded',NULL,'2022-03-20 11:26:27.4684442','{"SucceededAt":"2022-03-20T11:26:27.4564783Z","PerformanceDuration":"20","Latency":"142039"}');
INSERT INTO "HangFire.State" VALUES (680,24,'Succeeded',NULL,'2022-03-20 11:26:27.471424','{"SucceededAt":"2022-03-20T11:26:27.4447025Z","PerformanceDuration":"51","Latency":"141997"}');
INSERT INTO "HangFire.State" VALUES (681,22,'Succeeded',NULL,'2022-03-20 11:26:27.4802265','{"SucceededAt":"2022-03-20T11:26:27.2278969Z","PerformanceDuration":"157504","Latency":"26494"}');
INSERT INTO "HangFire.State" VALUES (682,23,'Processing',NULL,'2022-03-20 11:26:27.4841832','{"StartedAt":"2022-03-20T11:26:27.2761755Z","ServerId":"sv-itntwali:26648:e82dff55-1e61-4d31-8b9d-5ac15f6ca434","WorkerId":"1aec72ee-7b6c-441a-bb33-ce2a0e90c78e"}');
INSERT INTO "HangFire.State" VALUES (683,23,'Succeeded',NULL,'2022-03-20 11:26:27.4867022','{"SucceededAt":"2022-03-20T11:26:27.3216552Z","PerformanceDuration":"22","Latency":"157746"}');
INSERT INTO "HangFire.State" VALUES (684,23,'Processing',NULL,'2022-03-20 11:26:27.4906518','{"StartedAt":"2022-03-20T11:26:27.2829106Z","ServerId":"sv-itntwali:26648:e82dff55-1e61-4d31-8b9d-5ac15f6ca434","WorkerId":"3478a9d6-5a78-4bdf-9a99-6aa1efd8bf19"}');
INSERT INTO "HangFire.State" VALUES (685,22,'Succeeded',NULL,'2022-03-20 11:26:27.4969182','{"SucceededAt":"2022-03-20T11:26:27.2279281Z","PerformanceDuration":"157499","Latency":"26499"}');
INSERT INTO "HangFire.State" VALUES (686,22,'Succeeded',NULL,'2022-03-20 11:26:27.5012106','{"SucceededAt":"2022-03-20T11:26:27.2444881Z","PerformanceDuration":"157511","Latency":"26503"}');
INSERT INTO "HangFire.State" VALUES (687,22,'Succeeded',NULL,'2022-03-20 11:26:27.5034499','{"SucceededAt":"2022-03-20T11:26:27.2278983Z","PerformanceDuration":"157493","Latency":"26505"}');
INSERT INTO "HangFire.State" VALUES (688,23,'Succeeded',NULL,'2022-03-20 11:26:27.5078371','{"SucceededAt":"2022-03-20T11:26:27.5009994Z","PerformanceDuration":"14","Latency":"157934"}');
INSERT INTO "HangFire.State" VALUES (689,23,'Succeeded',NULL,'2022-03-20 11:26:27.5094414','{"SucceededAt":"2022-03-20T11:26:27.5075703Z","PerformanceDuration":"13","Latency":"157941"}');
INSERT INTO "HangFire.State" VALUES (690,25,'Enqueued',NULL,'2022-03-20 11:27:06.7366695','{"EnqueuedAt":"2022-03-20T11:27:06.7334017Z","Queue":"default"}');
INSERT INTO "HangFire.State" VALUES (691,25,'Processing',NULL,'2022-03-20 11:27:15.9050458','{"StartedAt":"2022-03-20T11:27:15.8632584Z","ServerId":"sv-itntwali:26648:e82dff55-1e61-4d31-8b9d-5ac15f6ca434","WorkerId":"52e6e45a-d69c-4e2a-b012-6fea5b910142"}');
INSERT INTO "HangFire.State" VALUES (692,25,'Processing',NULL,'2022-03-20 11:27:15.9060398','{"StartedAt":"2022-03-20T11:27:15.8648720Z","ServerId":"sv-itntwali:26648:e82dff55-1e61-4d31-8b9d-5ac15f6ca434","WorkerId":"c34ef32f-7576-4acb-95df-cbbd49c119cb"}');
INSERT INTO "HangFire.State" VALUES (693,25,'Processing',NULL,'2022-03-20 11:27:15.9076507','{"StartedAt":"2022-03-20T11:27:15.8660933Z","ServerId":"sv-itntwali:26648:e82dff55-1e61-4d31-8b9d-5ac15f6ca434","WorkerId":"75369a31-452c-4142-9962-40c86b811691"}');
INSERT INTO "HangFire.State" VALUES (694,25,'Processing',NULL,'2022-03-20 11:27:15.9095252','{"StartedAt":"2022-03-20T11:27:15.8673530Z","ServerId":"sv-itntwali:26648:e82dff55-1e61-4d31-8b9d-5ac15f6ca434","WorkerId":"e79f050e-bade-4619-84f2-7deaa3b5935b"}');
INSERT INTO "HangFire.State" VALUES (695,25,'Processing',NULL,'2022-03-20 11:27:15.9133603','{"StartedAt":"2022-03-20T11:27:15.8692438Z","ServerId":"sv-itntwali:26648:e82dff55-1e61-4d31-8b9d-5ac15f6ca434","WorkerId":"f617db5a-f9fc-4bb9-9a53-1e1346f88806"}');
INSERT INTO "HangFire.State" VALUES (696,25,'Processing',NULL,'2022-03-20 11:27:15.9160925','{"StartedAt":"2022-03-20T11:27:15.8707722Z","ServerId":"sv-itntwali:26648:e82dff55-1e61-4d31-8b9d-5ac15f6ca434","WorkerId":"17659964-cd54-4bdb-ad5c-174dd35ed754"}');
INSERT INTO "HangFire.State" VALUES (697,25,'Processing',NULL,'2022-03-20 11:27:15.9183728','{"StartedAt":"2022-03-20T11:27:15.8720541Z","ServerId":"sv-itntwali:26648:e82dff55-1e61-4d31-8b9d-5ac15f6ca434","WorkerId":"ecfbe66f-cc58-4e0a-abb2-a1836e727f0e"}');
INSERT INTO "HangFire.State" VALUES (698,25,'Processing',NULL,'2022-03-20 11:27:15.9228065','{"StartedAt":"2022-03-20T11:27:15.8730941Z","ServerId":"sv-itntwali:26648:e82dff55-1e61-4d31-8b9d-5ac15f6ca434","WorkerId":"63774695-2bfd-4a93-a835-6c1134a81c9b"}');
INSERT INTO "HangFire.State" VALUES (699,25,'Processing',NULL,'2022-03-20 11:27:15.9268867','{"StartedAt":"2022-03-20T11:27:15.8915778Z","ServerId":"sv-itntwali:26648:e82dff55-1e61-4d31-8b9d-5ac15f6ca434","WorkerId":"21c0e686-ff49-4357-b305-66cdad4e6dbe"}');
INSERT INTO "HangFire.State" VALUES (700,25,'Processing',NULL,'2022-03-20 11:27:15.9298747','{"StartedAt":"2022-03-20T11:27:15.8931429Z","ServerId":"sv-itntwali:26648:e82dff55-1e61-4d31-8b9d-5ac15f6ca434","WorkerId":"6065b5e7-68be-4bc9-a18e-00471b36ab71"}');
INSERT INTO "HangFire.State" VALUES (701,25,'Succeeded',NULL,'2022-03-20 11:27:15.9331923','{"SucceededAt":"2022-03-20T11:27:15.9228552Z","PerformanceDuration":"15","Latency":"9173"}');
INSERT INTO "HangFire.State" VALUES (702,25,'Succeeded',NULL,'2022-03-20 11:27:15.9389997','{"SucceededAt":"2022-03-20T11:27:15.9299089Z","PerformanceDuration":"20","Latency":"9175"}');
INSERT INTO "HangFire.State" VALUES (703,25,'Processing',NULL,'2022-03-20 11:27:15.9439479','{"StartedAt":"2022-03-20T11:27:15.8941893Z","ServerId":"sv-itntwali:26648:e82dff55-1e61-4d31-8b9d-5ac15f6ca434","WorkerId":"59f5d0e9-faf9-436d-89c9-c892434744bf"}');
INSERT INTO "HangFire.State" VALUES (704,25,'Processing',NULL,'2022-03-20 11:27:15.9467967','{"StartedAt":"2022-03-20T11:27:15.8952880Z","ServerId":"sv-itntwali:26648:e82dff55-1e61-4d31-8b9d-5ac15f6ca434","WorkerId":"36704df0-1c4d-4322-83f0-f5adb6e2313a"}');
INSERT INTO "HangFire.State" VALUES (705,25,'Processing',NULL,'2022-03-20 11:27:15.9485448','{"StartedAt":"2022-03-20T11:27:15.8963401Z","ServerId":"sv-itntwali:26648:e82dff55-1e61-4d31-8b9d-5ac15f6ca434","WorkerId":"a5781fe3-e942-4302-bc05-59b42e56ab8d"}');
INSERT INTO "HangFire.State" VALUES (706,25,'Processing',NULL,'2022-03-20 11:27:15.9528241','{"StartedAt":"2022-03-20T11:27:15.8977142Z","ServerId":"sv-itntwali:26648:e82dff55-1e61-4d31-8b9d-5ac15f6ca434","WorkerId":"1aec72ee-7b6c-441a-bb33-ce2a0e90c78e"}');
INSERT INTO "HangFire.State" VALUES (707,25,'Processing',NULL,'2022-03-20 11:27:15.9568318','{"StartedAt":"2022-03-20T11:27:15.8986113Z","ServerId":"sv-itntwali:26648:e82dff55-1e61-4d31-8b9d-5ac15f6ca434","WorkerId":"96ca7011-9e3f-42b8-82b9-9604fe9433b1"}');
INSERT INTO "HangFire.State" VALUES (708,25,'Succeeded',NULL,'2022-03-20 11:27:15.9596749','{"SucceededAt":"2022-03-20T11:27:15.9502522Z","PerformanceDuration":"36","Latency":"9179"}');
INSERT INTO "HangFire.State" VALUES (709,25,'Succeeded',NULL,'2022-03-20 11:27:15.9658788','{"SucceededAt":"2022-03-20T11:27:15.9530478Z","PerformanceDuration":"36","Latency":"9182"}');
INSERT INTO "HangFire.State" VALUES (710,25,'Processing',NULL,'2022-03-20 11:27:15.9725119','{"StartedAt":"2022-03-20T11:27:15.8996807Z","ServerId":"sv-itntwali:26648:e82dff55-1e61-4d31-8b9d-5ac15f6ca434","WorkerId":"b20d559c-67f4-4811-ac5b-983df80c2c3e"}');
INSERT INTO "HangFire.State" VALUES (711,25,'Processing',NULL,'2022-03-20 11:27:15.9749135','{"StartedAt":"2022-03-20T11:27:15.9008869Z","ServerId":"sv-itntwali:26648:e82dff55-1e61-4d31-8b9d-5ac15f6ca434","WorkerId":"3478a9d6-5a78-4bdf-9a99-6aa1efd8bf19"}');
INSERT INTO "HangFire.State" VALUES (712,25,'Processing',NULL,'2022-03-20 11:27:15.9778406','{"StartedAt":"2022-03-20T11:27:15.9024868Z","ServerId":"sv-itntwali:26648:e82dff55-1e61-4d31-8b9d-5ac15f6ca434","WorkerId":"df8b1003-e597-4871-8c0b-f2ceb6fcc3f7"}');
INSERT INTO "HangFire.State" VALUES (713,25,'Processing',NULL,'2022-03-20 11:27:15.9796886','{"StartedAt":"2022-03-20T11:27:15.9039752Z","ServerId":"sv-itntwali:26648:e82dff55-1e61-4d31-8b9d-5ac15f6ca434","WorkerId":"2cf6b204-6915-49f8-8cb8-f48016e3b9ed"}');
INSERT INTO "HangFire.State" VALUES (714,25,'Processing',NULL,'2022-03-20 11:27:15.9834631','{"StartedAt":"2022-03-20T11:27:15.9049633Z","ServerId":"sv-itntwali:26648:e82dff55-1e61-4d31-8b9d-5ac15f6ca434","WorkerId":"86e61a43-edd2-4d04-aa71-b3316b809212"}');
INSERT INTO "HangFire.State" VALUES (715,25,'Succeeded',NULL,'2022-03-20 11:27:16.000926','{"SucceededAt":"2022-03-20T11:27:15.9956765Z","PerformanceDuration":"65","Latency":"9196"}');
INSERT INTO "HangFire.State" VALUES (716,25,'Succeeded',NULL,'2022-03-20 11:27:16.0042646','{"SucceededAt":"2022-03-20T11:27:15.9982025Z","PerformanceDuration":"65","Latency":"9199"}');
INSERT INTO "HangFire.State" VALUES (717,25,'Succeeded',NULL,'2022-03-20 11:27:16.0101124','{"SucceededAt":"2022-03-20T11:27:16.0010220Z","PerformanceDuration":"47","Latency":"9219"}');
INSERT INTO "HangFire.State" VALUES (718,26,'Enqueued',NULL,'2022-03-20 11:27:16.1895137','{"EnqueuedAt":"2022-03-20T11:27:16.0332639Z","Queue":"default"}');
INSERT INTO "HangFire.State" VALUES (719,26,'Processing',NULL,'2022-03-20 11:29:32.0256059','{"StartedAt":"2022-03-20T11:29:32.0187830Z","ServerId":"sv-itntwali:26648:e82dff55-1e61-4d31-8b9d-5ac15f6ca434","WorkerId":"c34ef32f-7576-4acb-95df-cbbd49c119cb"}');
INSERT INTO "HangFire.State" VALUES (720,26,'Processing',NULL,'2022-03-20 11:29:32.04701','{"StartedAt":"2022-03-20T11:29:32.0247866Z","ServerId":"sv-itntwali:26648:e82dff55-1e61-4d31-8b9d-5ac15f6ca434","WorkerId":"75369a31-452c-4142-9962-40c86b811691"}');
INSERT INTO "HangFire.State" VALUES (721,26,'Processing',NULL,'2022-03-20 11:29:32.0824669','{"StartedAt":"2022-03-20T11:29:32.0787133Z","ServerId":"sv-itntwali:26648:e82dff55-1e61-4d31-8b9d-5ac15f6ca434","WorkerId":"52e6e45a-d69c-4e2a-b012-6fea5b910142"}');
INSERT INTO "HangFire.State" VALUES (722,26,'Processing',NULL,'2022-03-20 11:32:38.2245585','{"StartedAt":"2022-03-20T11:32:38.1451013Z","ServerId":"sv-itntwali:33044:8bac64f8-a65d-4df3-b009-d832974ae265","WorkerId":"b63b01a1-7f46-40b6-920e-7809a61cd2ec"}');
INSERT INTO "HangFire.State" VALUES (723,26,'Processing',NULL,'2022-03-20 11:32:38.2381895','{"StartedAt":"2022-03-20T11:32:38.1220735Z","ServerId":"sv-itntwali:33044:8bac64f8-a65d-4df3-b009-d832974ae265","WorkerId":"19655d70-ec7b-4390-8489-b43d74a2022d"}');
INSERT INTO "HangFire.State" VALUES (724,26,'Processing',NULL,'2022-03-20 11:32:38.2395134','{"StartedAt":"2022-03-20T11:32:38.1234578Z","ServerId":"sv-itntwali:33044:8bac64f8-a65d-4df3-b009-d832974ae265","WorkerId":"ddef6067-df95-4591-972a-15000130972b"}');
INSERT INTO "HangFire.State" VALUES (725,26,'Processing',NULL,'2022-03-20 11:32:38.2412957','{"StartedAt":"2022-03-20T11:32:38.1252958Z","ServerId":"sv-itntwali:33044:8bac64f8-a65d-4df3-b009-d832974ae265","WorkerId":"471347e2-dfc6-44d1-bbf9-3d45ddf2eb6b"}');
INSERT INTO "HangFire.State" VALUES (726,26,'Processing',NULL,'2022-03-20 11:32:38.2423775','{"StartedAt":"2022-03-20T11:32:38.1264279Z","ServerId":"sv-itntwali:33044:8bac64f8-a65d-4df3-b009-d832974ae265","WorkerId":"b79391aa-2865-445d-9c70-357d71741eaf"}');
INSERT INTO "HangFire.State" VALUES (727,26,'Processing',NULL,'2022-03-20 11:32:38.2435594','{"StartedAt":"2022-03-20T11:32:38.1277410Z","ServerId":"sv-itntwali:33044:8bac64f8-a65d-4df3-b009-d832974ae265","WorkerId":"87605388-2920-4e64-838c-0d5c932a27da"}');
INSERT INTO "HangFire.State" VALUES (728,26,'Processing',NULL,'2022-03-20 11:32:38.2446433','{"StartedAt":"2022-03-20T11:32:38.1288492Z","ServerId":"sv-itntwali:33044:8bac64f8-a65d-4df3-b009-d832974ae265","WorkerId":"89e3b8dc-2b69-4a52-a30d-04a522a3ff19"}');
INSERT INTO "HangFire.State" VALUES (729,26,'Processing',NULL,'2022-03-20 11:32:38.2459809','{"StartedAt":"2022-03-20T11:32:38.1299098Z","ServerId":"sv-itntwali:33044:8bac64f8-a65d-4df3-b009-d832974ae265","WorkerId":"f9eebced-4333-43dc-b0ed-3409c6202cc9"}');
INSERT INTO "HangFire.State" VALUES (730,26,'Processing',NULL,'2022-03-20 11:32:38.2475294','{"StartedAt":"2022-03-20T11:32:38.1309777Z","ServerId":"sv-itntwali:33044:8bac64f8-a65d-4df3-b009-d832974ae265","WorkerId":"c0df6eb0-0a4f-453e-9593-ad2c4597f70c"}');
INSERT INTO "HangFire.State" VALUES (731,26,'Processing',NULL,'2022-03-20 11:32:38.2486353','{"StartedAt":"2022-03-20T11:32:38.1321965Z","ServerId":"sv-itntwali:33044:8bac64f8-a65d-4df3-b009-d832974ae265","WorkerId":"ce372895-a895-464c-b51c-c35dda8b7829"}');
INSERT INTO "HangFire.State" VALUES (732,26,'Processing',NULL,'2022-03-20 11:32:38.2496914','{"StartedAt":"2022-03-20T11:32:38.1332220Z","ServerId":"sv-itntwali:33044:8bac64f8-a65d-4df3-b009-d832974ae265","WorkerId":"5c5b839a-86d3-4cdc-847f-e43955e59983"}');
INSERT INTO "HangFire.State" VALUES (733,26,'Processing',NULL,'2022-03-20 11:32:38.2508118','{"StartedAt":"2022-03-20T11:32:38.1349123Z","ServerId":"sv-itntwali:33044:8bac64f8-a65d-4df3-b009-d832974ae265","WorkerId":"adade793-9400-40df-b27a-efdd92808646"}');
INSERT INTO "HangFire.State" VALUES (734,26,'Processing',NULL,'2022-03-20 11:32:38.2522331','{"StartedAt":"2022-03-20T11:32:38.1360575Z","ServerId":"sv-itntwali:33044:8bac64f8-a65d-4df3-b009-d832974ae265","WorkerId":"8c833978-d4be-4efe-8e37-e3db69495d5a"}');
INSERT INTO "HangFire.State" VALUES (735,26,'Processing',NULL,'2022-03-20 11:32:38.2532292','{"StartedAt":"2022-03-20T11:32:38.1437165Z","ServerId":"sv-itntwali:33044:8bac64f8-a65d-4df3-b009-d832974ae265","WorkerId":"41f7451b-11df-43ec-82f3-68c865b9270e"}');
INSERT INTO "HangFire.State" VALUES (736,26,'Processing',NULL,'2022-03-20 11:32:38.2541443','{"StartedAt":"2022-03-20T11:32:38.1464798Z","ServerId":"sv-itntwali:33044:8bac64f8-a65d-4df3-b009-d832974ae265","WorkerId":"a8c176f2-6317-47dd-8ddc-d5651ef394e1"}');
INSERT INTO "HangFire.State" VALUES (737,26,'Processing',NULL,'2022-03-20 11:32:38.2550859','{"StartedAt":"2022-03-20T11:32:38.1482930Z","ServerId":"sv-itntwali:33044:8bac64f8-a65d-4df3-b009-d832974ae265","WorkerId":"5d6a9bcf-22b7-4de3-940f-947b9ca6c6d9"}');
INSERT INTO "HangFire.State" VALUES (738,26,'Processing',NULL,'2022-03-20 11:32:38.2559645','{"StartedAt":"2022-03-20T11:32:38.1495207Z","ServerId":"sv-itntwali:33044:8bac64f8-a65d-4df3-b009-d832974ae265","WorkerId":"a4ef628f-b8af-4870-acbd-4541000cfd17"}');
INSERT INTO "HangFire.State" VALUES (739,26,'Processing',NULL,'2022-03-20 11:32:38.2569226','{"StartedAt":"2022-03-20T11:32:38.1536249Z","ServerId":"sv-itntwali:33044:8bac64f8-a65d-4df3-b009-d832974ae265","WorkerId":"f980b3fe-0fda-4f5a-8109-7af5135ed3c7"}');
INSERT INTO "HangFire.State" VALUES (740,26,'Processing',NULL,'2022-03-20 11:32:38.2579996','{"StartedAt":"2022-03-20T11:32:38.1542819Z","ServerId":"sv-itntwali:33044:8bac64f8-a65d-4df3-b009-d832974ae265","WorkerId":"e6fe3dc7-fdb3-43da-bae6-c58e9595195a"}');
INSERT INTO "HangFire.State" VALUES (741,26,'Processing',NULL,'2022-03-20 11:32:38.2589079','{"StartedAt":"2022-03-20T11:32:38.1555354Z","ServerId":"sv-itntwali:33044:8bac64f8-a65d-4df3-b009-d832974ae265","WorkerId":"821250f6-4a80-4df2-bc9d-4431c09b7395"}');
INSERT INTO "HangFire.State" VALUES (742,26,'Succeeded',NULL,'2022-03-20 11:32:39.9692965','{"SucceededAt":"2022-03-20T11:32:39.9578544Z","PerformanceDuration":"1697","Latency":"322226"}');
INSERT INTO "HangFire.State" VALUES (743,26,'Succeeded',NULL,'2022-03-20 11:32:39.972617','{"SucceededAt":"2022-03-20T11:32:39.9459089Z","PerformanceDuration":"1696","Latency":"322215"}');
INSERT INTO "HangFire.State" VALUES (744,26,'Succeeded',NULL,'2022-03-20 11:32:39.9743998','{"SucceededAt":"2022-03-20T11:32:39.9459564Z","PerformanceDuration":"1689","Latency":"322222"}');
INSERT INTO "HangFire.State" VALUES (745,26,'Succeeded',NULL,'2022-03-20 11:32:39.9775576','{"SucceededAt":"2022-03-20T11:32:39.9460109Z","PerformanceDuration":"1693","Latency":"322219"}');
INSERT INTO "HangFire.State" VALUES (746,26,'Succeeded',NULL,'2022-03-20 11:32:39.9789608','{"SucceededAt":"2022-03-20T11:32:39.9484682Z","PerformanceDuration":"1690","Latency":"322224"}');
INSERT INTO "HangFire.State" VALUES (747,26,'Succeeded',NULL,'2022-03-20 11:32:39.9804205','{"SucceededAt":"2022-03-20T11:32:39.9635387Z","PerformanceDuration":"1708","Latency":"322221"}');
INSERT INTO "HangFire.State" VALUES (748,26,'Succeeded',NULL,'2022-03-20 11:32:39.9815628','{"SucceededAt":"2022-03-20T11:32:39.9459901Z","PerformanceDuration":"1705","Latency":"322206"}');
INSERT INTO "HangFire.State" VALUES (749,26,'Succeeded',NULL,'2022-03-20 11:32:39.9826005','{"SucceededAt":"2022-03-20T11:32:39.9459995Z","PerformanceDuration":"1691","Latency":"322220"}');
INSERT INTO "HangFire.State" VALUES (750,26,'Succeeded',NULL,'2022-03-20 11:32:39.9838793','{"SucceededAt":"2022-03-20T11:32:39.9459659Z","PerformanceDuration":"1705","Latency":"322206"}');
INSERT INTO "HangFire.State" VALUES (751,26,'Succeeded',NULL,'2022-03-20 11:32:39.9853646','{"SucceededAt":"2022-03-20T11:32:39.9603216Z","PerformanceDuration":"1703","Latency":"322223"}');
INSERT INTO "HangFire.State" VALUES (752,26,'Succeeded',NULL,'2022-03-20 11:32:39.9864778','{"SucceededAt":"2022-03-20T11:32:39.9459365Z","PerformanceDuration":"1695","Latency":"322216"}');
INSERT INTO "HangFire.State" VALUES (753,26,'Succeeded',NULL,'2022-03-20 11:32:39.9876089','{"SucceededAt":"2022-03-20T11:32:39.9460022Z","PerformanceDuration":"1701","Latency":"322211"}');
INSERT INTO "HangFire.State" VALUES (754,26,'Succeeded',NULL,'2022-03-20 11:32:39.9888187','{"SucceededAt":"2022-03-20T11:32:39.9525273Z","PerformanceDuration":"1693","Latency":"322225"}');
INSERT INTO "HangFire.State" VALUES (755,26,'Succeeded',NULL,'2022-03-20 11:32:39.9899676','{"SucceededAt":"2022-03-20T11:32:39.9654623Z","PerformanceDuration":"1714","Latency":"322217"}');
INSERT INTO "HangFire.State" VALUES (756,26,'Succeeded',NULL,'2022-03-20 11:32:39.991222','{"SucceededAt":"2022-03-20T11:32:39.9459211Z","PerformanceDuration":"1699","Latency":"322213"}');
INSERT INTO "HangFire.State" VALUES (757,26,'Succeeded',NULL,'2022-03-20 11:32:39.9923432','{"SucceededAt":"2022-03-20T11:32:39.9459789Z","PerformanceDuration":"1704","Latency":"322208"}');
INSERT INTO "HangFire.State" VALUES (758,26,'Succeeded',NULL,'2022-03-20 11:32:39.9934515','{"SucceededAt":"2022-03-20T11:32:39.9459168Z","PerformanceDuration":"1698","Latency":"322214"}');
INSERT INTO "HangFire.State" VALUES (759,26,'Succeeded',NULL,'2022-03-20 11:32:39.994628','{"SucceededAt":"2022-03-20T11:32:39.9459725Z","PerformanceDuration":"1703","Latency":"322209"}');
INSERT INTO "HangFire.State" VALUES (760,26,'Succeeded',NULL,'2022-03-20 11:32:39.995737','{"SucceededAt":"2022-03-20T11:32:39.9460159Z","PerformanceDuration":"1702","Latency":"322210"}');
INSERT INTO "HangFire.State" VALUES (761,26,'Succeeded',NULL,'2022-03-20 11:32:39.9968238','{"SucceededAt":"2022-03-20T11:32:39.9604982Z","PerformanceDuration":"1707","Latency":"322219"}');
INSERT INTO "HangFire.State" VALUES (762,27,'Enqueued',NULL,'2022-03-20 11:33:09.7733157','{"EnqueuedAt":"2022-03-20T11:33:09.7443504Z","Queue":"default"}');
INSERT INTO "HangFire.State" VALUES (763,27,'Processing',NULL,'2022-03-20 11:33:11.1046259','{"StartedAt":"2022-03-20T11:33:10.4860281Z","ServerId":"sv-itntwali:33044:8bac64f8-a65d-4df3-b009-d832974ae265","WorkerId":"471347e2-dfc6-44d1-bbf9-3d45ddf2eb6b"}');
INSERT INTO "HangFire.State" VALUES (764,27,'Processing',NULL,'2022-03-20 11:33:11.1120926','{"StartedAt":"2022-03-20T11:33:10.4837858Z","ServerId":"sv-itntwali:33044:8bac64f8-a65d-4df3-b009-d832974ae265","WorkerId":"19655d70-ec7b-4390-8489-b43d74a2022d"}');
INSERT INTO "HangFire.State" VALUES (765,27,'Processing',NULL,'2022-03-20 11:33:11.1190156','{"StartedAt":"2022-03-20T11:33:11.0951272Z","ServerId":"sv-itntwali:33044:8bac64f8-a65d-4df3-b009-d832974ae265","WorkerId":"ddef6067-df95-4591-972a-15000130972b"}');
INSERT INTO "HangFire.State" VALUES (766,27,'Processing',NULL,'2022-03-20 11:33:11.1204797','{"StartedAt":"2022-03-20T11:33:11.1044825Z","ServerId":"sv-itntwali:33044:8bac64f8-a65d-4df3-b009-d832974ae265","WorkerId":"b79391aa-2865-445d-9c70-357d71741eaf"}');
INSERT INTO "HangFire.State" VALUES (767,27,'Processing',NULL,'2022-03-20 11:33:11.1248222','{"StartedAt":"2022-03-20T11:33:11.1070909Z","ServerId":"sv-itntwali:33044:8bac64f8-a65d-4df3-b009-d832974ae265","WorkerId":"87605388-2920-4e64-838c-0d5c932a27da"}');
INSERT INTO "HangFire.State" VALUES (768,27,'Processing',NULL,'2022-03-20 11:33:11.126902','{"StartedAt":"2022-03-20T11:33:11.1081342Z","ServerId":"sv-itntwali:33044:8bac64f8-a65d-4df3-b009-d832974ae265","WorkerId":"89e3b8dc-2b69-4a52-a30d-04a522a3ff19"}');
INSERT INTO "HangFire.State" VALUES (769,27,'Processing',NULL,'2022-03-20 11:33:11.1288054','{"StartedAt":"2022-03-20T11:33:11.1092410Z","ServerId":"sv-itntwali:33044:8bac64f8-a65d-4df3-b009-d832974ae265","WorkerId":"f9eebced-4333-43dc-b0ed-3409c6202cc9"}');
INSERT INTO "HangFire.State" VALUES (770,27,'Processing',NULL,'2022-03-20 11:33:11.1319816','{"StartedAt":"2022-03-20T11:33:11.1119586Z","ServerId":"sv-itntwali:33044:8bac64f8-a65d-4df3-b009-d832974ae265","WorkerId":"c0df6eb0-0a4f-453e-9593-ad2c4597f70c"}');
INSERT INTO "HangFire.State" VALUES (771,27,'Processing',NULL,'2022-03-20 11:33:11.1451862','{"StartedAt":"2022-03-20T11:33:11.1378059Z","ServerId":"sv-itntwali:33044:8bac64f8-a65d-4df3-b009-d832974ae265","WorkerId":"ce372895-a895-464c-b51c-c35dda8b7829"}');
INSERT INTO "HangFire.State" VALUES (772,27,'Processing',NULL,'2022-03-20 11:33:11.1484067','{"StartedAt":"2022-03-20T11:33:11.1423886Z","ServerId":"sv-itntwali:33044:8bac64f8-a65d-4df3-b009-d832974ae265","WorkerId":"5c5b839a-86d3-4cdc-847f-e43955e59983"}');
INSERT INTO "HangFire.State" VALUES (773,27,'Processing',NULL,'2022-03-20 11:33:11.15228','{"StartedAt":"2022-03-20T11:33:11.1450693Z","ServerId":"sv-itntwali:33044:8bac64f8-a65d-4df3-b009-d832974ae265","WorkerId":"adade793-9400-40df-b27a-efdd92808646"}');
INSERT INTO "HangFire.State" VALUES (774,27,'Succeeded',NULL,'2022-03-20 11:33:11.1667782','{"SucceededAt":"2022-03-20T11:33:11.1603027Z","PerformanceDuration":"38","Latency":"1369"}');
INSERT INTO "HangFire.State" VALUES (775,27,'Succeeded',NULL,'2022-03-20 11:33:11.1721153','{"SucceededAt":"2022-03-20T11:33:11.1600470Z","PerformanceDuration":"53","Latency":"1354"}');
INSERT INTO "HangFire.State" VALUES (776,27,'Processing',NULL,'2022-03-20 11:33:11.1796872','{"StartedAt":"2022-03-20T11:33:11.1599301Z","ServerId":"sv-itntwali:33044:8bac64f8-a65d-4df3-b009-d832974ae265","WorkerId":"41f7451b-11df-43ec-82f3-68c865b9270e"}');
INSERT INTO "HangFire.State" VALUES (777,27,'Processing',NULL,'2022-03-20 11:33:11.1825635','{"StartedAt":"2022-03-20T11:33:11.1585324Z","ServerId":"sv-itntwali:33044:8bac64f8-a65d-4df3-b009-d832974ae265","WorkerId":"8c833978-d4be-4efe-8e37-e3db69495d5a"}');
INSERT INTO "HangFire.State" VALUES (778,27,'Processing',NULL,'2022-03-20 11:33:11.1850772','{"StartedAt":"2022-03-20T11:33:11.1609586Z","ServerId":"sv-itntwali:33044:8bac64f8-a65d-4df3-b009-d832974ae265","WorkerId":"b63b01a1-7f46-40b6-920e-7809a61cd2ec"}');
INSERT INTO "HangFire.State" VALUES (779,27,'Succeeded',NULL,'2022-03-20 11:33:11.1898621','{"SucceededAt":"2022-03-20T11:33:11.1860406Z","PerformanceDuration":"36","Latency":"1398"}');
INSERT INTO "HangFire.State" VALUES (780,27,'Succeeded',NULL,'2022-03-20 11:33:11.1954932','{"SucceededAt":"2022-03-20T11:33:11.1898309Z","PerformanceDuration":"70","Latency":"1367"}');
INSERT INTO "HangFire.State" VALUES (781,27,'Processing',NULL,'2022-03-20 11:33:11.198257','{"StartedAt":"2022-03-20T11:33:11.1655831Z","ServerId":"sv-itntwali:33044:8bac64f8-a65d-4df3-b009-d832974ae265","WorkerId":"a8c176f2-6317-47dd-8ddc-d5651ef394e1"}');
INSERT INTO "HangFire.State" VALUES (782,27,'Succeeded',NULL,'2022-03-20 11:33:11.3587709','{"SucceededAt":"2022-03-20T11:33:11.2076626Z","PerformanceDuration":"82","Latency":"1373"}');
INSERT INTO "HangFire.State" VALUES (783,27,'Succeeded',NULL,'2022-03-20 11:33:11.3614895','{"SucceededAt":"2022-03-20T11:33:11.2266331Z","PerformanceDuration":"74","Latency":"1400"}');
INSERT INTO "HangFire.State" VALUES (784,27,'Succeeded',NULL,'2022-03-20 11:33:11.3633024','{"SucceededAt":"2022-03-20T11:33:11.2160023Z","PerformanceDuration":"33","Latency":"1430"}');
INSERT INTO "HangFire.State" VALUES (785,27,'Succeeded',NULL,'2022-03-20 11:33:11.3649609','{"SucceededAt":"2022-03-20T11:33:11.2249230Z","PerformanceDuration":"23","Latency":"1449"}');
INSERT INTO "HangFire.State" VALUES (786,27,'Succeeded',NULL,'2022-03-20 11:33:11.3706815','{"SucceededAt":"2022-03-20T11:33:11.2197203Z","PerformanceDuration":"92","Latency":"1375"}');
INSERT INTO "HangFire.State" VALUES (787,27,'Succeeded',NULL,'2022-03-20 11:33:11.3732258','{"SucceededAt":"2022-03-20T11:33:11.2049319Z","PerformanceDuration":"18","Latency":"1434"}');
INSERT INTO "HangFire.State" VALUES (788,27,'Succeeded',NULL,'2022-03-20 11:33:11.3782972','{"SucceededAt":"2022-03-20T11:33:11.2222016Z","PerformanceDuration":"85","Latency":"1384"}');
INSERT INTO "HangFire.State" VALUES (789,27,'Succeeded',NULL,'2022-03-20 11:33:11.3797914','{"SucceededAt":"2022-03-20T11:33:11.2133602Z","PerformanceDuration":"23","Latency":"1437"}');
INSERT INTO "HangFire.State" VALUES (790,28,'Enqueued',NULL,'2022-03-20 11:33:11.3810837','{"EnqueuedAt":"2022-03-20T11:33:11.2494677Z","Queue":"default"}');
INSERT INTO "HangFire.State" VALUES (791,28,'Processing',NULL,'2022-03-20 11:33:12.1446508','{"StartedAt":"2022-03-20T11:33:11.3845713Z","ServerId":"sv-itntwali:33044:8bac64f8-a65d-4df3-b009-d832974ae265","WorkerId":"adade793-9400-40df-b27a-efdd92808646"}');
INSERT INTO "HangFire.State" VALUES (792,28,'Processing',NULL,'2022-03-20 11:33:12.1476513','{"StartedAt":"2022-03-20T11:33:11.3865568Z","ServerId":"sv-itntwali:33044:8bac64f8-a65d-4df3-b009-d832974ae265","WorkerId":"c0df6eb0-0a4f-453e-9593-ad2c4597f70c"}');
INSERT INTO "HangFire.State" VALUES (793,28,'Processing',NULL,'2022-03-20 11:33:12.1641661','{"StartedAt":"2022-03-20T11:33:12.1439182Z","ServerId":"sv-itntwali:33044:8bac64f8-a65d-4df3-b009-d832974ae265","WorkerId":"8c833978-d4be-4efe-8e37-e3db69495d5a"}');
INSERT INTO "HangFire.State" VALUES (794,28,'Processing',NULL,'2022-03-20 11:33:12.1723487','{"StartedAt":"2022-03-20T11:33:12.1708168Z","ServerId":"sv-itntwali:33044:8bac64f8-a65d-4df3-b009-d832974ae265","WorkerId":"b63b01a1-7f46-40b6-920e-7809a61cd2ec"}');
INSERT INTO "HangFire.State" VALUES (795,28,'Succeeded',NULL,'2022-03-20 11:33:12.1854172','{"SucceededAt":"2022-03-20T11:33:12.1822155Z","PerformanceDuration":"34","Latency":"898"}');
INSERT INTO "HangFire.State" VALUES (796,29,'Enqueued',NULL,'2022-03-20 11:33:13.7024979','{"EnqueuedAt":"2022-03-20T11:33:13.6990841Z","Queue":"default"}');
INSERT INTO "HangFire.State" VALUES (797,30,'Enqueued',NULL,'2022-03-20 11:33:14.8448197','{"EnqueuedAt":"2022-03-20T11:33:14.8424656Z","Queue":"default"}');
INSERT INTO "HangFire.State" VALUES (798,29,'Processing',NULL,'2022-03-20 11:33:26.1966614','{"StartedAt":"2022-03-20T11:33:26.1933241Z","ServerId":"sv-itntwali:33044:8bac64f8-a65d-4df3-b009-d832974ae265","WorkerId":"471347e2-dfc6-44d1-bbf9-3d45ddf2eb6b"}');
INSERT INTO "HangFire.State" VALUES (799,29,'Processing',NULL,'2022-03-20 11:33:26.1982441','{"StartedAt":"2022-03-20T11:33:26.1945499Z","ServerId":"sv-itntwali:33044:8bac64f8-a65d-4df3-b009-d832974ae265","WorkerId":"ddef6067-df95-4591-972a-15000130972b"}');
INSERT INTO "HangFire.State" VALUES (800,29,'Processing',NULL,'2022-03-20 11:33:26.1991395','{"StartedAt":"2022-03-20T11:33:26.1956763Z","ServerId":"sv-itntwali:33044:8bac64f8-a65d-4df3-b009-d832974ae265","WorkerId":"89e3b8dc-2b69-4a52-a30d-04a522a3ff19"}');
INSERT INTO "HangFire.State" VALUES (801,29,'Processing',NULL,'2022-03-20 11:33:26.2043313','{"StartedAt":"2022-03-20T11:33:26.1965482Z","ServerId":"sv-itntwali:33044:8bac64f8-a65d-4df3-b009-d832974ae265","WorkerId":"f9eebced-4333-43dc-b0ed-3409c6202cc9"}');
INSERT INTO "HangFire.State" VALUES (802,29,'Processing',NULL,'2022-03-20 11:33:26.2064575','{"StartedAt":"2022-03-20T11:33:26.2042849Z","ServerId":"sv-itntwali:33044:8bac64f8-a65d-4df3-b009-d832974ae265","WorkerId":"ce372895-a895-464c-b51c-c35dda8b7829"}');
INSERT INTO "HangFire.State" VALUES (803,29,'Processing',NULL,'2022-03-20 11:33:26.2150102','{"StartedAt":"2022-03-20T11:33:26.2094270Z","ServerId":"sv-itntwali:33044:8bac64f8-a65d-4df3-b009-d832974ae265","WorkerId":"5d6a9bcf-22b7-4de3-940f-947b9ca6c6d9"}');
INSERT INTO "HangFire.State" VALUES (804,29,'Processing',NULL,'2022-03-20 11:33:26.2191543','{"StartedAt":"2022-03-20T11:33:26.2103359Z","ServerId":"sv-itntwali:33044:8bac64f8-a65d-4df3-b009-d832974ae265","WorkerId":"a4ef628f-b8af-4870-acbd-4541000cfd17"}');
INSERT INTO "HangFire.State" VALUES (805,29,'Processing',NULL,'2022-03-20 11:33:26.220339','{"StartedAt":"2022-03-20T11:33:26.2111822Z","ServerId":"sv-itntwali:33044:8bac64f8-a65d-4df3-b009-d832974ae265","WorkerId":"f980b3fe-0fda-4f5a-8109-7af5135ed3c7"}');
INSERT INTO "HangFire.State" VALUES (806,29,'Processing',NULL,'2022-03-20 11:33:26.2240043','{"StartedAt":"2022-03-20T11:33:26.2139965Z","ServerId":"sv-itntwali:33044:8bac64f8-a65d-4df3-b009-d832974ae265","WorkerId":"e6fe3dc7-fdb3-43da-bae6-c58e9595195a"}');
INSERT INTO "HangFire.State" VALUES (807,29,'Processing',NULL,'2022-03-20 11:33:26.2311329','{"StartedAt":"2022-03-20T11:33:26.2275870Z","ServerId":"sv-itntwali:33044:8bac64f8-a65d-4df3-b009-d832974ae265","WorkerId":"821250f6-4a80-4df2-bc9d-4431c09b7395"}');
INSERT INTO "HangFire.State" VALUES (808,29,'Succeeded',NULL,'2022-03-20 11:33:26.2429775','{"SucceededAt":"2022-03-20T11:33:26.2365641Z","PerformanceDuration":"33","Latency":"12503"}');
INSERT INTO "HangFire.State" VALUES (809,30,'Processing',NULL,'2022-03-20 11:33:26.2582561','{"StartedAt":"2022-03-20T11:33:26.2541283Z","ServerId":"sv-itntwali:33044:8bac64f8-a65d-4df3-b009-d832974ae265","WorkerId":"89e3b8dc-2b69-4a52-a30d-04a522a3ff19"}');
INSERT INTO "HangFire.State" VALUES (810,30,'Processing',NULL,'2022-03-20 11:33:26.2615073','{"StartedAt":"2022-03-20T11:33:26.2571696Z","ServerId":"sv-itntwali:33044:8bac64f8-a65d-4df3-b009-d832974ae265","WorkerId":"a4ef628f-b8af-4870-acbd-4541000cfd17"}');
INSERT INTO "HangFire.State" VALUES (811,30,'Processing',NULL,'2022-03-20 11:33:26.2687413','{"StartedAt":"2022-03-20T11:33:26.2671540Z","ServerId":"sv-itntwali:33044:8bac64f8-a65d-4df3-b009-d832974ae265","WorkerId":"ddef6067-df95-4591-972a-15000130972b"}');
INSERT INTO "HangFire.State" VALUES (812,30,'Processing',NULL,'2022-03-20 11:33:26.280427','{"StartedAt":"2022-03-20T11:33:26.2751289Z","ServerId":"sv-itntwali:33044:8bac64f8-a65d-4df3-b009-d832974ae265","WorkerId":"e6fe3dc7-fdb3-43da-bae6-c58e9595195a"}');
INSERT INTO "HangFire.State" VALUES (813,30,'Processing',NULL,'2022-03-20 11:33:26.2835085','{"StartedAt":"2022-03-20T11:33:26.2769228Z","ServerId":"sv-itntwali:33044:8bac64f8-a65d-4df3-b009-d832974ae265","WorkerId":"f980b3fe-0fda-4f5a-8109-7af5135ed3c7"}');
INSERT INTO "HangFire.State" VALUES (814,30,'Processing',NULL,'2022-03-20 11:33:26.2870455','{"StartedAt":"2022-03-20T11:33:26.2803306Z","ServerId":"sv-itntwali:33044:8bac64f8-a65d-4df3-b009-d832974ae265","WorkerId":"821250f6-4a80-4df2-bc9d-4431c09b7395"}');
INSERT INTO "HangFire.State" VALUES (815,30,'Processing',NULL,'2022-03-20 11:33:26.2995457','{"StartedAt":"2022-03-20T11:33:26.2947721Z","ServerId":"sv-itntwali:33044:8bac64f8-a65d-4df3-b009-d832974ae265","WorkerId":"f9eebced-4333-43dc-b0ed-3409c6202cc9"}');
INSERT INTO "HangFire.State" VALUES (816,30,'Succeeded',NULL,'2022-03-20 11:33:26.3104317','{"SucceededAt":"2022-03-20T11:33:26.2997637Z","PerformanceDuration":"38","Latency":"11418"}');
INSERT INTO "HangFire.State" VALUES (817,30,'Processing',NULL,'2022-03-20 11:33:26.3164523','{"StartedAt":"2022-03-20T11:33:26.2983136Z","ServerId":"sv-itntwali:33044:8bac64f8-a65d-4df3-b009-d832974ae265","WorkerId":"471347e2-dfc6-44d1-bbf9-3d45ddf2eb6b"}');
INSERT INTO "HangFire.State" VALUES (818,30,'Processing',NULL,'2022-03-20 11:33:26.3194713','{"StartedAt":"2022-03-20T11:33:26.3068789Z","ServerId":"sv-itntwali:33044:8bac64f8-a65d-4df3-b009-d832974ae265","WorkerId":"ce372895-a895-464c-b51c-c35dda8b7829"}');
INSERT INTO "HangFire.State" VALUES (819,30,'Succeeded',NULL,'2022-03-20 11:33:26.3245032','{"SucceededAt":"2022-03-20T11:33:26.3207516Z","PerformanceDuration":"34","Latency":"11443"}');
INSERT INTO "HangFire.State" VALUES (820,31,'Enqueued',NULL,'2022-03-20 18:18:05.6931723','{"EnqueuedAt":"2022-03-20T18:18:05.6237961Z","Queue":"default"}');
INSERT INTO "HangFire.State" VALUES (821,31,'Processing',NULL,'2022-03-20 18:18:09.8795138','{"StartedAt":"2022-03-20T18:18:09.8392598Z","ServerId":"sv-itntwali:29308:9707e3eb-255f-461e-a8c7-47931d2f607c","WorkerId":"db67e87b-d3a2-466d-945a-76d9fbb9790e"}');
INSERT INTO "HangFire.State" VALUES (822,31,'Processing',NULL,'2022-03-20 18:18:09.8812108','{"StartedAt":"2022-03-20T18:18:09.8586560Z","ServerId":"sv-itntwali:29308:9707e3eb-255f-461e-a8c7-47931d2f607c","WorkerId":"cac06c6a-eab8-45be-a462-60b24da30f13"}');
INSERT INTO "HangFire.State" VALUES (823,31,'Processing',NULL,'2022-03-20 18:18:09.8828361','{"StartedAt":"2022-03-20T18:18:09.8378400Z","ServerId":"sv-itntwali:29308:9707e3eb-255f-461e-a8c7-47931d2f607c","WorkerId":"9e2970fd-980e-48dc-a702-c07b39858f17"}');
INSERT INTO "HangFire.State" VALUES (824,31,'Processing',NULL,'2022-03-20 18:18:09.8843795','{"StartedAt":"2022-03-20T18:18:09.8746782Z","ServerId":"sv-itntwali:29308:9707e3eb-255f-461e-a8c7-47931d2f607c","WorkerId":"dd433581-8ee7-41e6-bb6c-d5b68355f3f2"}');
INSERT INTO "HangFire.State" VALUES (825,31,'Processing',NULL,'2022-03-20 18:18:09.8858272','{"StartedAt":"2022-03-20T18:18:09.8403425Z","ServerId":"sv-itntwali:29308:9707e3eb-255f-461e-a8c7-47931d2f607c","WorkerId":"3269c498-23a7-47dc-bb86-532276655305"}');
INSERT INTO "HangFire.State" VALUES (826,31,'Processing',NULL,'2022-03-20 18:18:09.8871135','{"StartedAt":"2022-03-20T18:18:09.8599216Z","ServerId":"sv-itntwali:29308:9707e3eb-255f-461e-a8c7-47931d2f607c","WorkerId":"246a53d4-63eb-4644-9567-61e1cd4583a9"}');
INSERT INTO "HangFire.State" VALUES (827,31,'Processing',NULL,'2022-03-20 18:18:09.888159','{"StartedAt":"2022-03-20T18:18:09.8613093Z","ServerId":"sv-itntwali:29308:9707e3eb-255f-461e-a8c7-47931d2f607c","WorkerId":"37e2fc03-9071-4ac0-bc1b-ed4a56d9fff9"}');
INSERT INTO "HangFire.State" VALUES (828,31,'Processing',NULL,'2022-03-20 18:18:09.889601','{"StartedAt":"2022-03-20T18:18:09.8768059Z","ServerId":"sv-itntwali:29308:9707e3eb-255f-461e-a8c7-47931d2f607c","WorkerId":"574a6a2b-3778-4506-9bd6-0c463a42e207"}');
INSERT INTO "HangFire.State" VALUES (829,31,'Processing',NULL,'2022-03-20 18:18:09.8909016','{"StartedAt":"2022-03-20T18:18:09.8756928Z","ServerId":"sv-itntwali:29308:9707e3eb-255f-461e-a8c7-47931d2f607c","WorkerId":"0bae1fc6-86ea-468d-9c2c-3379d2f16900"}');
INSERT INTO "HangFire.State" VALUES (830,31,'Processing',NULL,'2022-03-20 18:18:09.895207','{"StartedAt":"2022-03-20T18:18:09.8791828Z","ServerId":"sv-itntwali:29308:9707e3eb-255f-461e-a8c7-47931d2f607c","WorkerId":"49bdc564-532d-46dc-a35d-2b71652dde33"}');
INSERT INTO "HangFire.State" VALUES (831,31,'Processing',NULL,'2022-03-20 18:18:09.8966278','{"StartedAt":"2022-03-20T18:18:09.8736916Z","ServerId":"sv-itntwali:29308:9707e3eb-255f-461e-a8c7-47931d2f607c","WorkerId":"35387c14-9de0-4615-91b4-8e82f83bf67d"}');
INSERT INTO "HangFire.State" VALUES (832,31,'Processing',NULL,'2022-03-20 18:18:09.8985074','{"StartedAt":"2022-03-20T18:18:09.8703820Z","ServerId":"sv-itntwali:29308:9707e3eb-255f-461e-a8c7-47931d2f607c","WorkerId":"d05496db-b633-4d33-8dae-fd3d44f67f0b"}');
INSERT INTO "HangFire.State" VALUES (833,31,'Processing',NULL,'2022-03-20 18:18:09.9004287','{"StartedAt":"2022-03-20T18:18:09.8722191Z","ServerId":"sv-itntwali:29308:9707e3eb-255f-461e-a8c7-47931d2f607c","WorkerId":"81513f0a-2260-466e-bd86-cc762c631285"}');
INSERT INTO "HangFire.State" VALUES (834,31,'Processing',NULL,'2022-03-20 18:18:09.9022594','{"StartedAt":"2022-03-20T18:18:09.8713498Z","ServerId":"sv-itntwali:29308:9707e3eb-255f-461e-a8c7-47931d2f607c","WorkerId":"0e61e1ab-6645-411d-9775-5ee7419f04ec"}');
INSERT INTO "HangFire.State" VALUES (835,31,'Processing',NULL,'2022-03-20 18:18:09.9038636','{"StartedAt":"2022-03-20T18:18:09.8781011Z","ServerId":"sv-itntwali:29308:9707e3eb-255f-461e-a8c7-47931d2f607c","WorkerId":"d08ab3b0-0976-49d8-a300-57d743ba64e6"}');
INSERT INTO "HangFire.State" VALUES (836,31,'Succeeded',NULL,'2022-03-20 18:18:09.9093881','{"SucceededAt":"2022-03-20T18:18:09.8991412Z","PerformanceDuration":"10","Latency":"4242"}');
INSERT INTO "HangFire.State" VALUES (837,31,'Processing',NULL,'2022-03-20 18:18:09.9160003','{"StartedAt":"2022-03-20T18:18:09.8941999Z","ServerId":"sv-itntwali:29308:9707e3eb-255f-461e-a8c7-47931d2f607c","WorkerId":"bb21633a-c4d4-4c98-ba4e-ec026e83f90c"}');
INSERT INTO "HangFire.State" VALUES (838,31,'Processing',NULL,'2022-03-20 18:18:09.9174619','{"StartedAt":"2022-03-20T18:18:09.8951141Z","ServerId":"sv-itntwali:29308:9707e3eb-255f-461e-a8c7-47931d2f607c","WorkerId":"4b70cde5-5913-4e31-ac90-402f12489748"}');
INSERT INTO "HangFire.State" VALUES (839,31,'Succeeded',NULL,'2022-03-20 18:18:09.919987','{"SucceededAt":"2022-03-20T18:18:09.8991576Z","PerformanceDuration":"5","Latency":"4248"}');
INSERT INTO "HangFire.State" VALUES (840,31,'Succeeded',NULL,'2022-03-20 18:18:09.9238123','{"SucceededAt":"2022-03-20T18:18:09.8991442Z","PerformanceDuration":"16","Latency":"4237"}');
INSERT INTO "HangFire.State" VALUES (841,31,'Succeeded',NULL,'2022-03-20 18:18:09.9256381','{"SucceededAt":"2022-03-20T18:18:09.9026497Z","PerformanceDuration":"3","Latency":"4254"}');
INSERT INTO "HangFire.State" VALUES (842,31,'Succeeded',NULL,'2022-03-20 18:18:09.9279195','{"SucceededAt":"2022-03-20T18:18:09.8991412Z","PerformanceDuration":"2","Latency":"4251"}');
INSERT INTO "HangFire.State" VALUES (843,31,'Succeeded',NULL,'2022-03-20 18:18:09.930059','{"SucceededAt":"2022-03-20T18:18:09.9039389Z","PerformanceDuration":"3","Latency":"4255"}');
INSERT INTO "HangFire.State" VALUES (844,31,'Succeeded',NULL,'2022-03-20 18:18:09.932098','{"SucceededAt":"2022-03-20T18:18:09.9064904Z","PerformanceDuration":"2","Latency":"4258"}');
INSERT INTO "HangFire.State" VALUES (845,31,'Processing',NULL,'2022-03-20 18:18:09.934229','{"StartedAt":"2022-03-20T18:18:09.9197286Z","ServerId":"sv-itntwali:29308:9707e3eb-255f-461e-a8c7-47931d2f607c","WorkerId":"0cef5678-1f07-4f3b-ac9e-d3ffac0132ce"}');
INSERT INTO "HangFire.State" VALUES (846,31,'Succeeded',NULL,'2022-03-20 18:18:09.9360845','{"SucceededAt":"2022-03-20T18:18:09.9205215Z","PerformanceDuration":"1","Latency":"4273"}');
INSERT INTO "HangFire.State" VALUES (847,31,'Succeeded',NULL,'2022-03-20 18:18:09.9375551','{"SucceededAt":"2022-03-20T18:18:09.8991176Z","PerformanceDuration":"16","Latency":"4237"}');
INSERT INTO "HangFire.State" VALUES (848,31,'Succeeded',NULL,'2022-03-20 18:18:09.9391301','{"SucceededAt":"2022-03-20T18:18:09.8991700Z","PerformanceDuration":"14","Latency":"4238"}');
INSERT INTO "HangFire.State" VALUES (849,31,'Succeeded',NULL,'2022-03-20 18:18:09.9412444','{"SucceededAt":"2022-03-20T18:18:09.8991565Z","PerformanceDuration":"9","Latency":"4243"}');
INSERT INTO "HangFire.State" VALUES (850,31,'Succeeded',NULL,'2022-03-20 18:18:09.9429524','{"SucceededAt":"2022-03-20T18:18:09.9075980Z","PerformanceDuration":"1","Latency":"4260"}');
INSERT INTO "HangFire.State" VALUES (851,31,'Succeeded',NULL,'2022-03-20 18:18:09.9452921','{"SucceededAt":"2022-03-20T18:18:09.8991800Z","PerformanceDuration":"13","Latency":"4240"}');
INSERT INTO "HangFire.State" VALUES (852,31,'Succeeded',NULL,'2022-03-20 18:18:09.9475558','{"SucceededAt":"2022-03-20T18:18:09.8991234Z","PerformanceDuration":"8","Latency":"4245"}');
INSERT INTO "HangFire.State" VALUES (853,31,'Succeeded',NULL,'2022-03-20 18:18:09.9492326','{"SucceededAt":"2022-03-20T18:18:09.8991159Z","PerformanceDuration":"11","Latency":"4241"}');
INSERT INTO "HangFire.State" VALUES (854,31,'Succeeded',NULL,'2022-03-20 18:18:09.9523192','{"SucceededAt":"2022-03-20T18:18:09.9195264Z","PerformanceDuration":"1","Latency":"4271"}');
INSERT INTO "HangFire.State" VALUES (855,31,'Succeeded',NULL,'2022-03-20 18:18:09.9539899','{"SucceededAt":"2022-03-20T18:18:09.9053224Z","PerformanceDuration":"2","Latency":"4256"}');
INSERT INTO "HangFire.State" VALUES (856,32,'Enqueued',NULL,'2022-03-20 18:18:21.059324','{"EnqueuedAt":"2022-03-20T18:18:21.0552539Z","Queue":"default"}');
INSERT INTO "HangFire.State" VALUES (857,32,'Processing',NULL,'2022-03-20 18:18:24.9489726','{"StartedAt":"2022-03-20T18:18:24.9425743Z","ServerId":"sv-itntwali:29308:9707e3eb-255f-461e-a8c7-47931d2f607c","WorkerId":"0bae1fc6-86ea-468d-9c2c-3379d2f16900"}');
INSERT INTO "HangFire.State" VALUES (858,32,'Processing',NULL,'2022-03-20 18:18:24.9511845','{"StartedAt":"2022-03-20T18:18:24.9440927Z","ServerId":"sv-itntwali:29308:9707e3eb-255f-461e-a8c7-47931d2f607c","WorkerId":"35387c14-9de0-4615-91b4-8e82f83bf67d"}');
INSERT INTO "HangFire.State" VALUES (859,32,'Processing',NULL,'2022-03-20 18:18:24.9532899','{"StartedAt":"2022-03-20T18:18:24.9453621Z","ServerId":"sv-itntwali:29308:9707e3eb-255f-461e-a8c7-47931d2f607c","WorkerId":"395be385-fdc1-44be-b2b4-418fe9f2caf4"}');
INSERT INTO "HangFire.State" VALUES (860,32,'Processing',NULL,'2022-03-20 18:18:24.955622','{"StartedAt":"2022-03-20T18:18:24.9472214Z","ServerId":"sv-itntwali:29308:9707e3eb-255f-461e-a8c7-47931d2f607c","WorkerId":"d05496db-b633-4d33-8dae-fd3d44f67f0b"}');
INSERT INTO "HangFire.State" VALUES (861,32,'Processing',NULL,'2022-03-20 18:18:24.9578213','{"StartedAt":"2022-03-20T18:18:24.9488326Z","ServerId":"sv-itntwali:29308:9707e3eb-255f-461e-a8c7-47931d2f607c","WorkerId":"246a53d4-63eb-4644-9567-61e1cd4583a9"}');
INSERT INTO "HangFire.State" VALUES (862,32,'Succeeded',NULL,'2022-03-20 18:18:24.9596845','{"SucceededAt":"2022-03-20T18:18:24.9537216Z","PerformanceDuration":"2","Latency":"3896"}');
INSERT INTO "HangFire.State" VALUES (863,32,'Succeeded',NULL,'2022-03-20 18:18:24.9679742','{"SucceededAt":"2022-03-20T18:18:24.9567583Z","PerformanceDuration":"3","Latency":"3897"}');
INSERT INTO "HangFire.State" VALUES (864,32,'Succeeded',NULL,'2022-03-20 18:18:24.9713788','{"SucceededAt":"2022-03-20T18:18:24.9603485Z","PerformanceDuration":"3","Latency":"3901"}');
INSERT INTO "HangFire.State" VALUES (865,32,'Succeeded',NULL,'2022-03-20 18:18:24.9754445','{"SucceededAt":"2022-03-20T18:18:24.9608033Z","PerformanceDuration":"2","Latency":"3902"}');
INSERT INTO "HangFire.JobParameter" VALUES (43,22,'CurrentCulture','"en-RW"');
INSERT INTO "HangFire.JobParameter" VALUES (44,22,'CurrentUICulture','"en-US"');
INSERT INTO "HangFire.JobParameter" VALUES (45,23,'CurrentCulture','"en-RW"');
INSERT INTO "HangFire.JobParameter" VALUES (46,23,'CurrentUICulture','"en-US"');
INSERT INTO "HangFire.JobParameter" VALUES (47,24,'CurrentCulture','"en-RW"');
INSERT INTO "HangFire.JobParameter" VALUES (48,24,'CurrentUICulture','"en-US"');
INSERT INTO "HangFire.JobParameter" VALUES (49,25,'CurrentCulture','"en-RW"');
INSERT INTO "HangFire.JobParameter" VALUES (50,25,'CurrentUICulture','"en-US"');
INSERT INTO "HangFire.JobParameter" VALUES (51,26,'CurrentCulture','"en-RW"');
INSERT INTO "HangFire.JobParameter" VALUES (52,26,'CurrentUICulture','"en-US"');
INSERT INTO "HangFire.JobParameter" VALUES (53,27,'CurrentCulture','"en-RW"');
INSERT INTO "HangFire.JobParameter" VALUES (54,27,'CurrentUICulture','"en-US"');
INSERT INTO "HangFire.JobParameter" VALUES (55,28,'CurrentCulture','"en-RW"');
INSERT INTO "HangFire.JobParameter" VALUES (56,28,'CurrentUICulture','"en-US"');
INSERT INTO "HangFire.JobParameter" VALUES (57,29,'CurrentCulture','"en-RW"');
INSERT INTO "HangFire.JobParameter" VALUES (58,29,'CurrentUICulture','"en-US"');
INSERT INTO "HangFire.JobParameter" VALUES (59,30,'CurrentCulture','"en-RW"');
INSERT INTO "HangFire.JobParameter" VALUES (60,30,'CurrentUICulture','"en-US"');
INSERT INTO "HangFire.JobParameter" VALUES (61,31,'CurrentCulture','"en-RW"');
INSERT INTO "HangFire.JobParameter" VALUES (62,31,'CurrentUICulture','"en-US"');
INSERT INTO "HangFire.JobParameter" VALUES (63,32,'CurrentCulture','"en-RW"');
INSERT INTO "HangFire.JobParameter" VALUES (64,32,'CurrentUICulture','"en-US"');
INSERT INTO "HangFire.Server" VALUES ('sv-itntwali:29308:9707e3eb-255f-461e-a8c7-47931d2f607c','{"WorkerCount":20,"Queues":["default"],"StartedAt":"2022-03-20T18:09:24.204877Z"}','2022-03-20 18:19:24.7988144');
INSERT INTO "HangFire.Counter" VALUES (1,'stats:succeeded:2022-03-15',1,'2022-04-15 15:57:26.6815261');
INSERT INTO "HangFire.Counter" VALUES (2,'stats:succeeded:2022-03-15-15',1,'2022-03-16 15:57:26.6828487');
INSERT INTO "HangFire.Counter" VALUES (3,'stats:succeeded',1,NULL);
INSERT INTO "HangFire.Counter" VALUES (4,'stats:succeeded:2022-03-15',1,'2022-04-15 15:57:26.6858399');
INSERT INTO "HangFire.Counter" VALUES (5,'stats:succeeded:2022-03-15-15',1,'2022-03-16 15:57:26.6859825');
INSERT INTO "HangFire.Counter" VALUES (6,'stats:succeeded',1,NULL);
INSERT INTO "HangFire.Counter" VALUES (7,'stats:succeeded:2022-03-15',1,'2022-04-15 15:57:26.6873662');
INSERT INTO "HangFire.Counter" VALUES (8,'stats:succeeded:2022-03-15-15',1,'2022-03-16 15:57:26.687463');
INSERT INTO "HangFire.Counter" VALUES (9,'stats:succeeded',1,NULL);
INSERT INTO "HangFire.Counter" VALUES (10,'stats:succeeded:2022-03-15',1,'2022-04-15 15:57:26.6889273');
INSERT INTO "HangFire.Counter" VALUES (11,'stats:succeeded:2022-03-15-15',1,'2022-03-16 15:57:26.6905964');
INSERT INTO "HangFire.Counter" VALUES (12,'stats:succeeded',1,NULL);
INSERT INTO "HangFire.Counter" VALUES (13,'stats:succeeded:2022-03-15',1,'2022-04-15 15:57:26.6918565');
INSERT INTO "HangFire.Counter" VALUES (14,'stats:succeeded:2022-03-15-15',1,'2022-03-16 15:57:26.6919209');
INSERT INTO "HangFire.Counter" VALUES (15,'stats:succeeded',1,NULL);
INSERT INTO "HangFire.Counter" VALUES (16,'stats:succeeded:2022-03-15',1,'2022-04-15 15:57:26.6933339');
INSERT INTO "HangFire.Counter" VALUES (17,'stats:succeeded:2022-03-15-15',1,'2022-03-16 15:57:26.6933846');
INSERT INTO "HangFire.Counter" VALUES (18,'stats:succeeded',1,NULL);
INSERT INTO "HangFire.Counter" VALUES (19,'stats:succeeded:2022-03-15',1,'2022-04-15 15:57:26.6946647');
INSERT INTO "HangFire.Counter" VALUES (20,'stats:succeeded:2022-03-15-15',1,'2022-03-16 15:57:26.6947053');
INSERT INTO "HangFire.Counter" VALUES (21,'stats:succeeded',1,NULL);
INSERT INTO "HangFire.Counter" VALUES (22,'stats:succeeded:2022-03-15',1,'2022-04-15 15:57:26.6967655');
INSERT INTO "HangFire.Counter" VALUES (23,'stats:succeeded:2022-03-15-15',1,'2022-03-16 15:57:26.6968037');
INSERT INTO "HangFire.Counter" VALUES (24,'stats:succeeded',1,NULL);
INSERT INTO "HangFire.Counter" VALUES (25,'stats:succeeded:2022-03-15',1,'2022-04-15 15:57:26.6980116');
INSERT INTO "HangFire.Counter" VALUES (26,'stats:succeeded:2022-03-15-15',1,'2022-03-16 15:57:26.6980732');
INSERT INTO "HangFire.Counter" VALUES (27,'stats:succeeded',1,NULL);
INSERT INTO "HangFire.Counter" VALUES (28,'stats:succeeded:2022-03-15',1,'2022-04-15 15:57:26.6999019');
INSERT INTO "HangFire.Counter" VALUES (29,'stats:succeeded:2022-03-15-15',1,'2022-03-16 15:57:26.6999536');
INSERT INTO "HangFire.Counter" VALUES (30,'stats:succeeded',1,NULL);
INSERT INTO "HangFire.Counter" VALUES (31,'stats:succeeded:2022-03-15',1,'2022-04-15 15:57:26.7013764');
INSERT INTO "HangFire.Counter" VALUES (32,'stats:succeeded:2022-03-15-15',1,'2022-03-16 15:57:26.7014171');
INSERT INTO "HangFire.Counter" VALUES (33,'stats:succeeded',1,NULL);
INSERT INTO "HangFire.Counter" VALUES (34,'stats:succeeded:2022-03-15',1,'2022-04-15 16:08:10.8094213');
INSERT INTO "HangFire.Counter" VALUES (35,'stats:succeeded:2022-03-15-16',1,'2022-03-16 16:08:10.8107286');
INSERT INTO "HangFire.Counter" VALUES (36,'stats:succeeded',1,NULL);
INSERT INTO "HangFire.Counter" VALUES (37,'stats:succeeded:2022-03-15',1,'2022-04-15 16:08:10.816396');
INSERT INTO "HangFire.Counter" VALUES (38,'stats:succeeded:2022-03-15-16',1,'2022-03-16 16:08:10.8165232');
INSERT INTO "HangFire.Counter" VALUES (39,'stats:succeeded',1,NULL);
INSERT INTO "HangFire.Counter" VALUES (40,'stats:succeeded:2022-03-15',1,'2022-04-15 16:08:10.8181738');
INSERT INTO "HangFire.Counter" VALUES (41,'stats:succeeded:2022-03-15-16',1,'2022-03-16 16:08:10.8182782');
INSERT INTO "HangFire.Counter" VALUES (42,'stats:succeeded',1,NULL);
INSERT INTO "HangFire.Counter" VALUES (43,'stats:succeeded:2022-03-15',1,'2022-04-15 16:08:10.825538');
INSERT INTO "HangFire.Counter" VALUES (44,'stats:succeeded:2022-03-15-16',1,'2022-03-16 16:08:10.8256375');
INSERT INTO "HangFire.Counter" VALUES (45,'stats:succeeded',1,NULL);
INSERT INTO "HangFire.Counter" VALUES (46,'stats:succeeded:2022-03-15',1,'2022-04-15 16:08:10.8283487');
INSERT INTO "HangFire.Counter" VALUES (47,'stats:succeeded:2022-03-15-16',1,'2022-03-16 16:08:10.8285015');
INSERT INTO "HangFire.Counter" VALUES (48,'stats:succeeded',1,NULL);
INSERT INTO "HangFire.Counter" VALUES (49,'stats:succeeded:2022-03-15',1,'2022-04-15 16:08:10.8309908');
INSERT INTO "HangFire.Counter" VALUES (50,'stats:succeeded:2022-03-15-16',1,'2022-03-16 16:08:10.8311453');
INSERT INTO "HangFire.Counter" VALUES (51,'stats:succeeded',1,NULL);
INSERT INTO "HangFire.Counter" VALUES (52,'stats:succeeded:2022-03-15',1,'2022-04-15 16:08:10.8329005');
INSERT INTO "HangFire.Counter" VALUES (53,'stats:succeeded:2022-03-15-16',1,'2022-03-16 16:08:10.8329912');
INSERT INTO "HangFire.Counter" VALUES (54,'stats:succeeded',1,NULL);
INSERT INTO "HangFire.Counter" VALUES (55,'stats:succeeded:2022-03-15',1,'2022-04-15 16:08:10.8345751');
INSERT INTO "HangFire.Counter" VALUES (56,'stats:succeeded:2022-03-15-16',1,'2022-03-16 16:08:10.8346602');
INSERT INTO "HangFire.Counter" VALUES (57,'stats:succeeded',1,NULL);
INSERT INTO "HangFire.Counter" VALUES (58,'stats:succeeded:2022-03-15',1,'2022-04-15 16:08:10.8363301');
INSERT INTO "HangFire.Counter" VALUES (59,'stats:succeeded:2022-03-15-16',1,'2022-03-16 16:08:10.8383875');
INSERT INTO "HangFire.Counter" VALUES (60,'stats:succeeded',1,NULL);
INSERT INTO "HangFire.Counter" VALUES (61,'stats:succeeded:2022-03-15',1,'2022-04-15 16:08:10.8419039');
INSERT INTO "HangFire.Counter" VALUES (62,'stats:succeeded:2022-03-15-16',1,'2022-03-16 16:08:10.8421418');
INSERT INTO "HangFire.Counter" VALUES (63,'stats:succeeded',1,NULL);
INSERT INTO "HangFire.Counter" VALUES (64,'stats:succeeded:2022-03-15',1,'2022-04-15 16:08:10.8526837');
INSERT INTO "HangFire.Counter" VALUES (65,'stats:succeeded:2022-03-15-16',1,'2022-03-16 16:08:10.8527931');
INSERT INTO "HangFire.Counter" VALUES (66,'stats:succeeded',1,NULL);
INSERT INTO "HangFire.Counter" VALUES (67,'stats:succeeded:2022-03-15',1,'2022-04-15 16:08:10.8582216');
INSERT INTO "HangFire.Counter" VALUES (68,'stats:succeeded:2022-03-15-16',1,'2022-03-16 16:08:10.858313');
INSERT INTO "HangFire.Counter" VALUES (69,'stats:succeeded',1,NULL);
INSERT INTO "HangFire.Counter" VALUES (70,'stats:succeeded:2022-03-15',1,'2022-04-15 16:08:10.8600372');
INSERT INTO "HangFire.Counter" VALUES (71,'stats:succeeded:2022-03-15-16',1,'2022-03-16 16:08:10.8601435');
INSERT INTO "HangFire.Counter" VALUES (72,'stats:succeeded',1,NULL);
INSERT INTO "HangFire.Counter" VALUES (73,'stats:succeeded:2022-03-15',1,'2022-04-15 16:08:10.8630203');
INSERT INTO "HangFire.Counter" VALUES (74,'stats:succeeded:2022-03-15-16',1,'2022-03-16 16:08:10.8631079');
INSERT INTO "HangFire.Counter" VALUES (75,'stats:succeeded',1,NULL);
INSERT INTO "HangFire.Counter" VALUES (76,'stats:succeeded:2022-03-15',1,'2022-04-15 16:08:10.8655182');
INSERT INTO "HangFire.Counter" VALUES (77,'stats:succeeded:2022-03-15-16',1,'2022-03-16 16:08:10.8656043');
INSERT INTO "HangFire.Counter" VALUES (78,'stats:succeeded',1,NULL);
INSERT INTO "HangFire.Counter" VALUES (79,'stats:succeeded:2022-03-15',1,'2022-04-15 16:08:10.8722019');
INSERT INTO "HangFire.Counter" VALUES (80,'stats:succeeded:2022-03-15-16',1,'2022-03-16 16:08:10.87261');
INSERT INTO "HangFire.Counter" VALUES (81,'stats:succeeded',1,NULL);
INSERT INTO "HangFire.Counter" VALUES (82,'stats:succeeded:2022-03-15',1,'2022-04-15 16:08:10.9069328');
INSERT INTO "HangFire.Counter" VALUES (83,'stats:succeeded:2022-03-15-16',1,'2022-03-16 16:08:10.9072085');
INSERT INTO "HangFire.Counter" VALUES (84,'stats:succeeded',1,NULL);
INSERT INTO "HangFire.Counter" VALUES (85,'stats:succeeded:2022-03-15',1,'2022-04-15 16:08:10.9142756');
INSERT INTO "HangFire.Counter" VALUES (86,'stats:succeeded:2022-03-15-16',1,'2022-03-16 16:08:10.9143836');
INSERT INTO "HangFire.Counter" VALUES (87,'stats:succeeded',1,NULL);
INSERT INTO "HangFire.Counter" VALUES (88,'stats:succeeded:2022-03-15',1,'2022-04-15 16:08:10.9207494');
INSERT INTO "HangFire.Counter" VALUES (89,'stats:succeeded:2022-03-15-16',1,'2022-03-16 16:08:10.92086');
INSERT INTO "HangFire.Counter" VALUES (90,'stats:succeeded',1,NULL);
INSERT INTO "HangFire.Counter" VALUES (91,'stats:succeeded:2022-03-15',1,'2022-04-15 16:08:10.9254333');
INSERT INTO "HangFire.Counter" VALUES (92,'stats:succeeded:2022-03-15-16',1,'2022-03-16 16:08:10.9255297');
INSERT INTO "HangFire.Counter" VALUES (93,'stats:succeeded',1,NULL);
INSERT INTO "HangFire.Counter" VALUES (94,'stats:succeeded:2022-03-15',1,'2022-04-15 16:08:11.1305576');
INSERT INTO "HangFire.Counter" VALUES (95,'stats:succeeded:2022-03-15-16',1,'2022-03-16 16:08:11.1306818');
INSERT INTO "HangFire.Counter" VALUES (96,'stats:succeeded',1,NULL);
INSERT INTO "HangFire.Counter" VALUES (97,'stats:succeeded:2022-03-15',1,'2022-04-15 16:08:11.1396148');
INSERT INTO "HangFire.Counter" VALUES (98,'stats:succeeded:2022-03-15-16',1,'2022-03-16 16:08:11.139782');
INSERT INTO "HangFire.Counter" VALUES (99,'stats:succeeded',1,NULL);
INSERT INTO "HangFire.Counter" VALUES (100,'stats:succeeded:2022-03-15',1,'2022-04-15 16:08:11.1483677');
INSERT INTO "HangFire.Counter" VALUES (101,'stats:succeeded:2022-03-15-16',1,'2022-03-16 16:08:11.1510612');
INSERT INTO "HangFire.Counter" VALUES (102,'stats:succeeded',1,NULL);
INSERT INTO "HangFire.Counter" VALUES (103,'stats:succeeded:2022-03-15',1,'2022-04-15 16:08:11.1602017');
INSERT INTO "HangFire.Counter" VALUES (104,'stats:succeeded:2022-03-15-16',1,'2022-03-16 16:08:11.1603067');
INSERT INTO "HangFire.Counter" VALUES (105,'stats:succeeded',1,NULL);
INSERT INTO "HangFire.Counter" VALUES (106,'stats:succeeded:2022-03-17',1,'2022-04-17 08:51:16.0672977');
INSERT INTO "HangFire.Counter" VALUES (107,'stats:succeeded:2022-03-17-08',1,'2022-03-18 08:51:16.0688624');
INSERT INTO "HangFire.Counter" VALUES (108,'stats:succeeded',1,NULL);
INSERT INTO "HangFire.Counter" VALUES (109,'stats:succeeded:2022-03-17',1,'2022-04-17 08:51:16.0730022');
INSERT INTO "HangFire.Counter" VALUES (110,'stats:succeeded:2022-03-17-08',1,'2022-03-18 08:51:16.073128');
INSERT INTO "HangFire.Counter" VALUES (111,'stats:succeeded',1,NULL);
INSERT INTO "HangFire.Counter" VALUES (112,'stats:succeeded:2022-03-17',1,'2022-04-17 08:51:16.0778044');
INSERT INTO "HangFire.Counter" VALUES (113,'stats:succeeded:2022-03-17-08',1,'2022-03-18 08:51:16.0779121');
INSERT INTO "HangFire.Counter" VALUES (114,'stats:succeeded',1,NULL);
INSERT INTO "HangFire.Counter" VALUES (115,'stats:succeeded:2022-03-17',1,'2022-04-17 08:51:16.086403');
INSERT INTO "HangFire.Counter" VALUES (116,'stats:succeeded:2022-03-17-08',1,'2022-03-18 08:51:16.0865057');
INSERT INTO "HangFire.Counter" VALUES (117,'stats:succeeded',1,NULL);
INSERT INTO "HangFire.Counter" VALUES (118,'stats:succeeded:2022-03-17',1,'2022-04-17 08:51:16.0875008');
INSERT INTO "HangFire.Counter" VALUES (119,'stats:succeeded:2022-03-17-08',1,'2022-03-18 08:51:16.0875673');
INSERT INTO "HangFire.Counter" VALUES (120,'stats:succeeded',1,NULL);
INSERT INTO "HangFire.Counter" VALUES (121,'stats:succeeded:2022-03-17',1,'2022-04-17 08:51:16.0888744');
INSERT INTO "HangFire.Counter" VALUES (122,'stats:succeeded:2022-03-17-08',1,'2022-03-18 08:51:16.0890398');
INSERT INTO "HangFire.Counter" VALUES (123,'stats:succeeded',1,NULL);
INSERT INTO "HangFire.Counter" VALUES (124,'stats:succeeded:2022-03-17',1,'2022-04-17 08:51:16.0905233');
INSERT INTO "HangFire.Counter" VALUES (125,'stats:succeeded:2022-03-17-08',1,'2022-03-18 08:51:16.0906071');
INSERT INTO "HangFire.Counter" VALUES (126,'stats:succeeded',1,NULL);
INSERT INTO "HangFire.Counter" VALUES (127,'stats:succeeded:2022-03-17',1,'2022-04-17 08:51:16.0916203');
INSERT INTO "HangFire.Counter" VALUES (128,'stats:succeeded:2022-03-17-08',1,'2022-03-18 08:51:16.0916915');
INSERT INTO "HangFire.Counter" VALUES (129,'stats:succeeded',1,NULL);
INSERT INTO "HangFire.Counter" VALUES (130,'stats:succeeded:2022-03-17',1,'2022-04-17 08:51:16.0926455');
INSERT INTO "HangFire.Counter" VALUES (131,'stats:succeeded:2022-03-17-08',1,'2022-03-18 08:51:16.092725');
INSERT INTO "HangFire.Counter" VALUES (132,'stats:succeeded',1,NULL);
INSERT INTO "HangFire.Counter" VALUES (133,'stats:succeeded:2022-03-17',1,'2022-04-17 08:51:16.0936824');
INSERT INTO "HangFire.Counter" VALUES (134,'stats:succeeded:2022-03-17-08',1,'2022-03-18 08:51:16.0937308');
INSERT INTO "HangFire.Counter" VALUES (135,'stats:succeeded',1,NULL);
INSERT INTO "HangFire.Counter" VALUES (136,'stats:succeeded:2022-03-17',1,'2022-04-17 08:51:16.0949001');
INSERT INTO "HangFire.Counter" VALUES (137,'stats:succeeded:2022-03-17-08',1,'2022-03-18 08:51:16.094952');
INSERT INTO "HangFire.Counter" VALUES (138,'stats:succeeded',1,NULL);
INSERT INTO "HangFire.Counter" VALUES (139,'stats:succeeded:2022-03-17',1,'2022-04-17 08:51:16.0959121');
INSERT INTO "HangFire.Counter" VALUES (140,'stats:succeeded:2022-03-17-08',1,'2022-03-18 08:51:16.0959669');
INSERT INTO "HangFire.Counter" VALUES (141,'stats:succeeded',1,NULL);
INSERT INTO "HangFire.Counter" VALUES (142,'stats:succeeded:2022-03-17',1,'2022-04-17 08:51:16.0976691');
INSERT INTO "HangFire.Counter" VALUES (143,'stats:succeeded:2022-03-17-08',1,'2022-03-18 08:51:16.0977271');
INSERT INTO "HangFire.Counter" VALUES (144,'stats:succeeded',1,NULL);
INSERT INTO "HangFire.Counter" VALUES (145,'stats:succeeded:2022-03-17',1,'2022-04-17 08:51:16.0986685');
INSERT INTO "HangFire.Counter" VALUES (146,'stats:succeeded:2022-03-17-08',1,'2022-03-18 08:51:16.0987191');
INSERT INTO "HangFire.Counter" VALUES (147,'stats:succeeded',1,NULL);
INSERT INTO "HangFire.Counter" VALUES (148,'stats:succeeded:2022-03-17',1,'2022-04-17 08:51:16.0996195');
INSERT INTO "HangFire.Counter" VALUES (149,'stats:succeeded:2022-03-17-08',1,'2022-03-18 08:51:16.0996664');
INSERT INTO "HangFire.Counter" VALUES (150,'stats:succeeded',1,NULL);
INSERT INTO "HangFire.Counter" VALUES (151,'stats:succeeded:2022-03-17',1,'2022-04-17 08:51:16.1005788');
INSERT INTO "HangFire.Counter" VALUES (152,'stats:succeeded:2022-03-17-08',1,'2022-03-18 08:51:16.1006642');
INSERT INTO "HangFire.Counter" VALUES (153,'stats:succeeded',1,NULL);
INSERT INTO "HangFire.Counter" VALUES (154,'stats:succeeded:2022-03-17',1,'2022-04-17 08:51:16.1016255');
INSERT INTO "HangFire.Counter" VALUES (155,'stats:succeeded:2022-03-17-08',1,'2022-03-18 08:51:16.1016815');
INSERT INTO "HangFire.Counter" VALUES (156,'stats:succeeded',1,NULL);
INSERT INTO "HangFire.Counter" VALUES (157,'stats:succeeded:2022-03-17',1,'2022-04-17 08:51:16.1026261');
INSERT INTO "HangFire.Counter" VALUES (158,'stats:succeeded:2022-03-17-08',1,'2022-03-18 08:51:16.1026768');
INSERT INTO "HangFire.Counter" VALUES (159,'stats:succeeded',1,NULL);
INSERT INTO "HangFire.Counter" VALUES (160,'stats:succeeded:2022-03-17',1,'2022-04-17 08:51:16.1037503');
INSERT INTO "HangFire.Counter" VALUES (161,'stats:succeeded:2022-03-17-08',1,'2022-03-18 08:51:16.1038098');
INSERT INTO "HangFire.Counter" VALUES (162,'stats:succeeded',1,NULL);
INSERT INTO "HangFire.Counter" VALUES (163,'stats:succeeded:2022-03-17',1,'2022-04-17 08:51:16.1060122');
INSERT INTO "HangFire.Counter" VALUES (164,'stats:succeeded:2022-03-17-08',1,'2022-03-18 08:51:16.1061058');
INSERT INTO "HangFire.Counter" VALUES (165,'stats:succeeded',1,NULL);
INSERT INTO "HangFire.Counter" VALUES (166,'stats:succeeded:2022-03-17',1,'2022-04-17 08:51:16.2583016');
INSERT INTO "HangFire.Counter" VALUES (167,'stats:succeeded:2022-03-17-08',1,'2022-03-18 08:51:16.2598027');
INSERT INTO "HangFire.Counter" VALUES (168,'stats:succeeded',1,NULL);
INSERT INTO "HangFire.Counter" VALUES (169,'stats:succeeded:2022-03-17',1,'2022-04-17 08:51:16.266101');
INSERT INTO "HangFire.Counter" VALUES (170,'stats:succeeded:2022-03-17-08',1,'2022-03-18 08:51:16.2662366');
INSERT INTO "HangFire.Counter" VALUES (171,'stats:succeeded',1,NULL);
INSERT INTO "HangFire.Counter" VALUES (172,'stats:succeeded:2022-03-17',1,'2022-04-17 09:24:08.8727364');
INSERT INTO "HangFire.Counter" VALUES (173,'stats:succeeded:2022-03-17-09',1,'2022-03-18 09:24:08.8753636');
INSERT INTO "HangFire.Counter" VALUES (174,'stats:succeeded',1,NULL);
INSERT INTO "HangFire.Counter" VALUES (175,'stats:succeeded:2022-03-17',1,'2022-04-17 09:24:08.8791153');
INSERT INTO "HangFire.Counter" VALUES (176,'stats:succeeded:2022-03-17-09',1,'2022-03-18 09:24:08.879201');
INSERT INTO "HangFire.Counter" VALUES (177,'stats:succeeded',1,NULL);
INSERT INTO "HangFire.Counter" VALUES (178,'stats:succeeded:2022-03-17',1,'2022-04-17 09:24:08.8803846');
INSERT INTO "HangFire.Counter" VALUES (179,'stats:succeeded:2022-03-17-09',1,'2022-03-18 09:24:08.8805377');
INSERT INTO "HangFire.Counter" VALUES (180,'stats:succeeded',1,NULL);
INSERT INTO "HangFire.Counter" VALUES (181,'stats:succeeded:2022-03-17',1,'2022-04-17 09:24:08.8837427');
INSERT INTO "HangFire.Counter" VALUES (182,'stats:succeeded:2022-03-17-09',1,'2022-03-18 09:24:08.8838355');
INSERT INTO "HangFire.Counter" VALUES (183,'stats:succeeded',1,NULL);
INSERT INTO "HangFire.Counter" VALUES (184,'stats:succeeded:2022-03-17',1,'2022-04-17 09:24:08.885226');
INSERT INTO "HangFire.Counter" VALUES (185,'stats:succeeded:2022-03-17-09',1,'2022-03-18 09:24:08.8853041');
INSERT INTO "HangFire.Counter" VALUES (186,'stats:succeeded',1,NULL);
INSERT INTO "HangFire.Counter" VALUES (187,'stats:succeeded:2022-03-17',1,'2022-04-17 09:24:08.8866554');
INSERT INTO "HangFire.Counter" VALUES (188,'stats:succeeded:2022-03-17-09',1,'2022-03-18 09:24:08.8867795');
INSERT INTO "HangFire.Counter" VALUES (189,'stats:succeeded',1,NULL);
INSERT INTO "HangFire.Counter" VALUES (190,'stats:succeeded:2022-03-17',1,'2022-04-17 09:24:08.8867526');
INSERT INTO "HangFire.Counter" VALUES (191,'stats:succeeded:2022-03-17-09',1,'2022-03-18 09:24:08.8880122');
INSERT INTO "HangFire.Counter" VALUES (192,'stats:succeeded',1,NULL);
INSERT INTO "HangFire.Counter" VALUES (193,'stats:succeeded:2022-03-17',1,'2022-04-17 09:24:08.8891447');
INSERT INTO "HangFire.Counter" VALUES (194,'stats:succeeded:2022-03-17-09',1,'2022-03-18 09:24:08.889201');
INSERT INTO "HangFire.Counter" VALUES (195,'stats:succeeded',1,NULL);
INSERT INTO "HangFire.Counter" VALUES (196,'stats:succeeded:2022-03-17',1,'2022-04-17 09:24:08.8914075');
INSERT INTO "HangFire.Counter" VALUES (197,'stats:succeeded:2022-03-17-09',1,'2022-03-18 09:24:08.8914611');
INSERT INTO "HangFire.Counter" VALUES (198,'stats:succeeded',1,NULL);
INSERT INTO "HangFire.Counter" VALUES (199,'stats:succeeded:2022-03-17',1,'2022-04-17 09:24:08.8925129');
INSERT INTO "HangFire.Counter" VALUES (200,'stats:succeeded:2022-03-17-09',1,'2022-03-18 09:24:08.8925613');
INSERT INTO "HangFire.Counter" VALUES (201,'stats:succeeded',1,NULL);
INSERT INTO "HangFire.Counter" VALUES (202,'stats:succeeded:2022-03-17',1,'2022-04-17 09:24:08.8943502');
INSERT INTO "HangFire.Counter" VALUES (203,'stats:succeeded:2022-03-17-09',1,'2022-03-18 09:24:08.8943949');
INSERT INTO "HangFire.Counter" VALUES (204,'stats:succeeded',1,NULL);
INSERT INTO "HangFire.Counter" VALUES (205,'stats:succeeded:2022-03-17',1,'2022-04-17 09:24:08.8953363');
INSERT INTO "HangFire.Counter" VALUES (206,'stats:succeeded:2022-03-17-09',1,'2022-03-18 09:24:08.8953769');
INSERT INTO "HangFire.Counter" VALUES (207,'stats:succeeded',1,NULL);
INSERT INTO "HangFire.Counter" VALUES (208,'stats:succeeded:2022-03-17',1,'2022-04-17 09:24:08.8963048');
INSERT INTO "HangFire.Counter" VALUES (209,'stats:succeeded:2022-03-17-09',1,'2022-03-18 09:24:08.8963471');
INSERT INTO "HangFire.Counter" VALUES (210,'stats:succeeded',1,NULL);
INSERT INTO "HangFire.Counter" VALUES (211,'stats:succeeded:2022-03-17',1,'2022-04-17 09:24:08.8971753');
INSERT INTO "HangFire.Counter" VALUES (212,'stats:succeeded:2022-03-17-09',1,'2022-03-18 09:24:08.8972802');
INSERT INTO "HangFire.Counter" VALUES (213,'stats:succeeded',1,NULL);
INSERT INTO "HangFire.Counter" VALUES (214,'stats:succeeded:2022-03-17',1,'2022-04-17 09:24:08.8981535');
INSERT INTO "HangFire.Counter" VALUES (215,'stats:succeeded:2022-03-17-09',1,'2022-03-18 09:24:08.8982503');
INSERT INTO "HangFire.Counter" VALUES (216,'stats:succeeded',1,NULL);
INSERT INTO "HangFire.Counter" VALUES (217,'stats:succeeded:2022-03-17',1,'2022-04-17 09:24:08.8991921');
INSERT INTO "HangFire.Counter" VALUES (218,'stats:succeeded:2022-03-17-09',1,'2022-03-18 09:24:08.8992448');
INSERT INTO "HangFire.Counter" VALUES (219,'stats:succeeded',1,NULL);
INSERT INTO "HangFire.Counter" VALUES (220,'stats:succeeded:2022-03-17',1,'2022-04-17 09:24:08.9039157');
INSERT INTO "HangFire.Counter" VALUES (221,'stats:succeeded:2022-03-17-09',1,'2022-03-18 09:24:08.903993');
INSERT INTO "HangFire.Counter" VALUES (222,'stats:succeeded',1,NULL);
INSERT INTO "HangFire.Counter" VALUES (223,'stats:succeeded:2022-03-17',1,'2022-04-17 09:24:08.9052094');
INSERT INTO "HangFire.Counter" VALUES (224,'stats:succeeded:2022-03-17-09',1,'2022-03-18 09:24:08.9052721');
INSERT INTO "HangFire.Counter" VALUES (225,'stats:succeeded',1,NULL);
INSERT INTO "HangFire.Counter" VALUES (226,'stats:succeeded:2022-03-17',1,'2022-04-17 09:24:08.937623');
INSERT INTO "HangFire.Counter" VALUES (227,'stats:succeeded:2022-03-17-09',1,'2022-03-18 09:24:08.9377366');
INSERT INTO "HangFire.Counter" VALUES (228,'stats:succeeded',1,NULL);
INSERT INTO "HangFire.Counter" VALUES (229,'stats:succeeded:2022-03-17',1,'2022-04-17 09:24:08.968586');
INSERT INTO "HangFire.Counter" VALUES (230,'stats:succeeded:2022-03-17-09',1,'2022-03-18 09:24:08.9687994');
INSERT INTO "HangFire.Counter" VALUES (231,'stats:succeeded',1,NULL);
INSERT INTO "HangFire.Counter" VALUES (232,'stats:succeeded:2022-03-17',1,'2022-04-17 09:24:08.9769568');
INSERT INTO "HangFire.Counter" VALUES (233,'stats:succeeded:2022-03-17-09',1,'2022-03-18 09:24:08.977054');
INSERT INTO "HangFire.Counter" VALUES (234,'stats:succeeded',1,NULL);
INSERT INTO "HangFire.Counter" VALUES (235,'stats:succeeded:2022-03-17',1,'2022-04-17 09:24:08.9968799');
INSERT INTO "HangFire.Counter" VALUES (236,'stats:succeeded:2022-03-17-09',1,'2022-03-18 09:24:08.9982199');
INSERT INTO "HangFire.Counter" VALUES (237,'stats:succeeded',1,NULL);
INSERT INTO "HangFire.Counter" VALUES (238,'stats:succeeded:2022-03-17',1,'2022-04-17 09:24:09.0038235');
INSERT INTO "HangFire.Counter" VALUES (239,'stats:succeeded:2022-03-17-09',1,'2022-03-18 09:24:09.0039014');
INSERT INTO "HangFire.Counter" VALUES (240,'stats:succeeded',1,NULL);
INSERT INTO "HangFire.Counter" VALUES (241,'stats:succeeded:2022-03-17',1,'2022-04-17 09:24:09.0135966');
INSERT INTO "HangFire.Counter" VALUES (242,'stats:succeeded:2022-03-17-09',1,'2022-03-18 09:24:09.0136661');
INSERT INTO "HangFire.Counter" VALUES (243,'stats:succeeded',1,NULL);
INSERT INTO "HangFire.Counter" VALUES (244,'stats:succeeded:2022-03-17',1,'2022-04-17 09:24:09.0439556');
INSERT INTO "HangFire.Counter" VALUES (245,'stats:succeeded:2022-03-17-09',1,'2022-03-18 09:24:09.0440442');
INSERT INTO "HangFire.Counter" VALUES (246,'stats:succeeded',1,NULL);
INSERT INTO "HangFire.Counter" VALUES (247,'stats:succeeded:2022-03-17',1,'2022-04-17 09:24:09.0499299');
INSERT INTO "HangFire.Counter" VALUES (248,'stats:succeeded:2022-03-17-09',1,'2022-03-18 09:24:09.0499871');
INSERT INTO "HangFire.Counter" VALUES (249,'stats:succeeded',1,NULL);
INSERT INTO "HangFire.Counter" VALUES (250,'stats:succeeded:2022-03-17',1,'2022-04-17 09:51:55.9634493');
INSERT INTO "HangFire.Counter" VALUES (251,'stats:succeeded:2022-03-17-09',1,'2022-03-18 09:51:55.9684518');
INSERT INTO "HangFire.Counter" VALUES (252,'stats:succeeded',1,NULL);
INSERT INTO "HangFire.Counter" VALUES (253,'stats:succeeded:2022-03-17',1,'2022-04-17 09:51:55.973061');
INSERT INTO "HangFire.Counter" VALUES (254,'stats:succeeded:2022-03-17-09',1,'2022-03-18 09:51:55.973166');
INSERT INTO "HangFire.Counter" VALUES (255,'stats:succeeded',1,NULL);
INSERT INTO "HangFire.Counter" VALUES (256,'stats:succeeded:2022-03-17',1,'2022-04-17 09:51:55.9744082');
INSERT INTO "HangFire.Counter" VALUES (257,'stats:succeeded:2022-03-17-09',1,'2022-03-18 09:51:55.974525');
INSERT INTO "HangFire.Counter" VALUES (258,'stats:succeeded',1,NULL);
INSERT INTO "HangFire.Counter" VALUES (259,'stats:succeeded:2022-03-17',1,'2022-04-17 09:51:55.9774603');
INSERT INTO "HangFire.Counter" VALUES (260,'stats:succeeded:2022-03-17-09',1,'2022-03-18 09:51:55.9776139');
INSERT INTO "HangFire.Counter" VALUES (261,'stats:succeeded',1,NULL);
INSERT INTO "HangFire.Counter" VALUES (262,'stats:succeeded:2022-03-17',1,'2022-04-17 09:51:55.979055');
INSERT INTO "HangFire.Counter" VALUES (263,'stats:succeeded:2022-03-17-09',1,'2022-03-18 09:51:55.9791478');
INSERT INTO "HangFire.Counter" VALUES (264,'stats:succeeded',1,NULL);
INSERT INTO "HangFire.Counter" VALUES (265,'stats:succeeded:2022-03-17',1,'2022-04-17 09:51:55.9803137');
INSERT INTO "HangFire.Counter" VALUES (266,'stats:succeeded:2022-03-17-09',1,'2022-03-18 09:51:55.9804115');
INSERT INTO "HangFire.Counter" VALUES (267,'stats:succeeded',1,NULL);
INSERT INTO "HangFire.Counter" VALUES (268,'stats:succeeded:2022-03-17',1,'2022-04-17 09:51:55.9816906');
INSERT INTO "HangFire.Counter" VALUES (269,'stats:succeeded:2022-03-17-09',1,'2022-03-18 09:51:55.981814');
INSERT INTO "HangFire.Counter" VALUES (270,'stats:succeeded',1,NULL);
INSERT INTO "HangFire.Counter" VALUES (271,'stats:succeeded:2022-03-17',1,'2022-04-17 09:51:55.9830662');
INSERT INTO "HangFire.Counter" VALUES (272,'stats:succeeded:2022-03-17-09',1,'2022-03-18 09:51:55.9831598');
INSERT INTO "HangFire.Counter" VALUES (273,'stats:succeeded',1,NULL);
INSERT INTO "HangFire.Counter" VALUES (274,'stats:succeeded:2022-03-17',1,'2022-04-17 09:51:55.9844137');
INSERT INTO "HangFire.Counter" VALUES (275,'stats:succeeded:2022-03-17-09',1,'2022-03-18 09:51:55.9844888');
INSERT INTO "HangFire.Counter" VALUES (276,'stats:succeeded',1,NULL);
INSERT INTO "HangFire.Counter" VALUES (277,'stats:succeeded:2022-03-17',1,'2022-04-17 09:51:55.9856862');
INSERT INTO "HangFire.Counter" VALUES (278,'stats:succeeded:2022-03-17-09',1,'2022-03-18 09:51:55.9857594');
INSERT INTO "HangFire.Counter" VALUES (279,'stats:succeeded',1,NULL);
INSERT INTO "HangFire.Counter" VALUES (280,'stats:succeeded:2022-03-17',1,'2022-04-17 09:51:55.9871086');
INSERT INTO "HangFire.Counter" VALUES (281,'stats:succeeded:2022-03-17-09',1,'2022-03-18 09:51:55.9871829');
INSERT INTO "HangFire.Counter" VALUES (282,'stats:succeeded',1,NULL);
INSERT INTO "HangFire.Counter" VALUES (283,'stats:succeeded:2022-03-17',1,'2022-04-17 09:51:55.9906687');
INSERT INTO "HangFire.Counter" VALUES (284,'stats:succeeded:2022-03-17-09',1,'2022-03-18 09:51:55.9907894');
INSERT INTO "HangFire.Counter" VALUES (285,'stats:succeeded',1,NULL);
INSERT INTO "HangFire.Counter" VALUES (286,'stats:succeeded:2022-03-17',1,'2022-04-17 09:51:55.9921497');
INSERT INTO "HangFire.Counter" VALUES (287,'stats:succeeded:2022-03-17-09',1,'2022-03-18 09:51:55.9922682');
INSERT INTO "HangFire.Counter" VALUES (288,'stats:succeeded',1,NULL);
INSERT INTO "HangFire.Counter" VALUES (289,'stats:succeeded:2022-03-17',1,'2022-04-17 09:51:55.99345');
INSERT INTO "HangFire.Counter" VALUES (290,'stats:succeeded:2022-03-17-09',1,'2022-03-18 09:51:55.9935349');
INSERT INTO "HangFire.Counter" VALUES (291,'stats:succeeded',1,NULL);
INSERT INTO "HangFire.Counter" VALUES (292,'stats:succeeded:2022-03-17',1,'2022-04-17 09:51:55.9947765');
INSERT INTO "HangFire.Counter" VALUES (293,'stats:succeeded:2022-03-17-09',1,'2022-03-18 09:51:55.9948628');
INSERT INTO "HangFire.Counter" VALUES (294,'stats:succeeded',1,NULL);
INSERT INTO "HangFire.Counter" VALUES (295,'stats:succeeded:2022-03-17',1,'2022-04-17 09:51:55.9960851');
INSERT INTO "HangFire.Counter" VALUES (296,'stats:succeeded:2022-03-17-09',1,'2022-03-18 09:51:55.9962175');
INSERT INTO "HangFire.Counter" VALUES (297,'stats:succeeded',1,NULL);
INSERT INTO "HangFire.Counter" VALUES (298,'stats:succeeded:2022-03-17',1,'2022-04-17 09:51:55.9975228');
INSERT INTO "HangFire.Counter" VALUES (299,'stats:succeeded:2022-03-17-09',1,'2022-03-18 09:51:55.9976253');
INSERT INTO "HangFire.Counter" VALUES (300,'stats:succeeded',1,NULL);
INSERT INTO "HangFire.Counter" VALUES (301,'stats:succeeded:2022-03-17',1,'2022-04-17 09:51:55.9991078');
INSERT INTO "HangFire.Counter" VALUES (302,'stats:succeeded:2022-03-17-09',1,'2022-03-18 09:51:55.9992135');
INSERT INTO "HangFire.Counter" VALUES (303,'stats:succeeded',1,NULL);
INSERT INTO "HangFire.Counter" VALUES (304,'stats:succeeded:2022-03-17',1,'2022-04-17 09:51:56.0005928');
INSERT INTO "HangFire.Counter" VALUES (305,'stats:succeeded:2022-03-17-09',1,'2022-03-18 09:51:56.0007556');
INSERT INTO "HangFire.Counter" VALUES (306,'stats:succeeded',1,NULL);
INSERT INTO "HangFire.Counter" VALUES (307,'stats:succeeded:2022-03-17',1,'2022-04-17 09:51:56.0029609');
INSERT INTO "HangFire.Counter" VALUES (308,'stats:succeeded:2022-03-17-09',1,'2022-03-18 09:51:56.0030412');
INSERT INTO "HangFire.Counter" VALUES (309,'stats:succeeded',1,NULL);
INSERT INTO "HangFire.Counter" VALUES (310,'stats:succeeded:2022-03-17',1,'2022-04-17 09:51:56.1210147');
INSERT INTO "HangFire.Counter" VALUES (311,'stats:succeeded:2022-03-17-09',1,'2022-03-18 09:51:56.1212093');
INSERT INTO "HangFire.Counter" VALUES (312,'stats:succeeded',1,NULL);
INSERT INTO "HangFire.Counter" VALUES (313,'stats:succeeded:2022-03-17',1,'2022-04-17 09:51:56.1250289');
INSERT INTO "HangFire.Counter" VALUES (314,'stats:succeeded:2022-03-17-09',1,'2022-03-18 09:51:56.1251482');
INSERT INTO "HangFire.Counter" VALUES (315,'stats:succeeded',1,NULL);
INSERT INTO "HangFire.Counter" VALUES (316,'stats:succeeded:2022-03-17',1,'2022-04-17 09:51:56.1311111');
INSERT INTO "HangFire.Counter" VALUES (317,'stats:succeeded:2022-03-17-09',1,'2022-03-18 09:51:56.1312053');
INSERT INTO "HangFire.Counter" VALUES (318,'stats:succeeded',1,NULL);
INSERT INTO "HangFire.Counter" VALUES (319,'stats:succeeded:2022-03-17',1,'2022-04-17 11:01:55.8783645');
INSERT INTO "HangFire.Counter" VALUES (320,'stats:succeeded:2022-03-17-11',1,'2022-03-18 11:01:55.8803314');
INSERT INTO "HangFire.Counter" VALUES (321,'stats:succeeded',1,NULL);
INSERT INTO "HangFire.Counter" VALUES (322,'stats:succeeded:2022-03-17',1,'2022-04-17 11:01:55.8895461');
INSERT INTO "HangFire.Counter" VALUES (323,'stats:succeeded:2022-03-17-11',1,'2022-03-18 11:01:55.8896732');
INSERT INTO "HangFire.Counter" VALUES (324,'stats:succeeded',1,NULL);
INSERT INTO "HangFire.Counter" VALUES (325,'stats:succeeded:2022-03-17',1,'2022-04-17 11:01:55.8909223');
INSERT INTO "HangFire.Counter" VALUES (326,'stats:succeeded:2022-03-17-11',1,'2022-03-18 11:01:55.8910249');
INSERT INTO "HangFire.Counter" VALUES (327,'stats:succeeded',1,NULL);
INSERT INTO "HangFire.Counter" VALUES (328,'stats:succeeded:2022-03-17',1,'2022-04-17 11:01:55.8937531');
INSERT INTO "HangFire.Counter" VALUES (329,'stats:succeeded:2022-03-17-11',1,'2022-03-18 11:01:55.8938583');
INSERT INTO "HangFire.Counter" VALUES (330,'stats:succeeded',1,NULL);
INSERT INTO "HangFire.Counter" VALUES (331,'stats:succeeded:2022-03-17',1,'2022-04-17 11:01:55.8948805');
INSERT INTO "HangFire.Counter" VALUES (332,'stats:succeeded:2022-03-17-11',1,'2022-03-18 11:01:55.8949599');
INSERT INTO "HangFire.Counter" VALUES (333,'stats:succeeded',1,NULL);
INSERT INTO "HangFire.Counter" VALUES (334,'stats:succeeded:2022-03-17',1,'2022-04-17 11:01:55.8960181');
INSERT INTO "HangFire.Counter" VALUES (335,'stats:succeeded:2022-03-17-11',1,'2022-03-18 11:01:55.8961343');
INSERT INTO "HangFire.Counter" VALUES (336,'stats:succeeded',1,NULL);
INSERT INTO "HangFire.Counter" VALUES (337,'stats:succeeded:2022-03-17',1,'2022-04-17 11:01:55.8973747');
INSERT INTO "HangFire.Counter" VALUES (338,'stats:succeeded:2022-03-17-11',1,'2022-03-18 11:01:55.8974511');
INSERT INTO "HangFire.Counter" VALUES (339,'stats:succeeded',1,NULL);
INSERT INTO "HangFire.Counter" VALUES (340,'stats:succeeded:2022-03-17',1,'2022-04-17 11:01:55.8988835');
INSERT INTO "HangFire.Counter" VALUES (341,'stats:succeeded:2022-03-17-11',1,'2022-03-18 11:01:55.8989666');
INSERT INTO "HangFire.Counter" VALUES (342,'stats:succeeded',1,NULL);
INSERT INTO "HangFire.Counter" VALUES (343,'stats:succeeded:2022-03-17',1,'2022-04-17 11:01:55.9002598');
INSERT INTO "HangFire.Counter" VALUES (344,'stats:succeeded:2022-03-17-11',1,'2022-03-18 11:01:55.9003666');
INSERT INTO "HangFire.Counter" VALUES (345,'stats:succeeded',1,NULL);
INSERT INTO "HangFire.Counter" VALUES (346,'stats:succeeded:2022-03-17',1,'2022-04-17 11:01:55.901392');
INSERT INTO "HangFire.Counter" VALUES (347,'stats:succeeded:2022-03-17-11',1,'2022-03-18 11:01:55.9014478');
INSERT INTO "HangFire.Counter" VALUES (348,'stats:succeeded',1,NULL);
INSERT INTO "HangFire.Counter" VALUES (349,'stats:succeeded:2022-03-17',1,'2022-04-17 11:01:55.9025165');
INSERT INTO "HangFire.Counter" VALUES (350,'stats:succeeded:2022-03-17-11',1,'2022-03-18 11:01:55.9025787');
INSERT INTO "HangFire.Counter" VALUES (351,'stats:succeeded',1,NULL);
INSERT INTO "HangFire.Counter" VALUES (352,'stats:succeeded:2022-03-17',1,'2022-04-17 11:01:55.9056276');
INSERT INTO "HangFire.Counter" VALUES (353,'stats:succeeded:2022-03-17-11',1,'2022-03-18 11:01:55.9057389');
INSERT INTO "HangFire.Counter" VALUES (354,'stats:succeeded',1,NULL);
INSERT INTO "HangFire.Counter" VALUES (355,'stats:succeeded:2022-03-17',1,'2022-04-17 11:01:55.9068635');
INSERT INTO "HangFire.Counter" VALUES (356,'stats:succeeded:2022-03-17-11',1,'2022-03-18 11:01:55.9069241');
INSERT INTO "HangFire.Counter" VALUES (357,'stats:succeeded',1,NULL);
INSERT INTO "HangFire.Counter" VALUES (358,'stats:succeeded:2022-03-17',1,'2022-04-17 11:01:55.9089476');
INSERT INTO "HangFire.Counter" VALUES (359,'stats:succeeded:2022-03-17-11',1,'2022-03-18 11:01:55.9090149');
INSERT INTO "HangFire.Counter" VALUES (360,'stats:succeeded',1,NULL);
INSERT INTO "HangFire.Counter" VALUES (361,'stats:succeeded:2022-03-17',1,'2022-04-17 11:01:55.9100853');
INSERT INTO "HangFire.Counter" VALUES (362,'stats:succeeded:2022-03-17-11',1,'2022-03-18 11:01:55.9101648');
INSERT INTO "HangFire.Counter" VALUES (363,'stats:succeeded',1,NULL);
INSERT INTO "HangFire.Counter" VALUES (364,'stats:succeeded:2022-03-17',1,'2022-04-17 11:01:55.9113234');
INSERT INTO "HangFire.Counter" VALUES (365,'stats:succeeded:2022-03-17-11',1,'2022-03-18 11:01:55.9114065');
INSERT INTO "HangFire.Counter" VALUES (366,'stats:succeeded',1,NULL);
INSERT INTO "HangFire.Counter" VALUES (367,'stats:succeeded:2022-03-17',1,'2022-04-17 11:01:55.9124747');
INSERT INTO "HangFire.Counter" VALUES (368,'stats:succeeded:2022-03-17-11',1,'2022-03-18 11:01:55.9126015');
INSERT INTO "HangFire.Counter" VALUES (369,'stats:succeeded',1,NULL);
INSERT INTO "HangFire.Counter" VALUES (370,'stats:succeeded:2022-03-17',1,'2022-04-17 11:01:55.9141286');
INSERT INTO "HangFire.Counter" VALUES (371,'stats:succeeded:2022-03-17-11',1,'2022-03-18 11:01:55.9141932');
INSERT INTO "HangFire.Counter" VALUES (372,'stats:succeeded',1,NULL);
INSERT INTO "HangFire.Counter" VALUES (373,'stats:succeeded:2022-03-17',1,'2022-04-17 11:01:55.9151523');
INSERT INTO "HangFire.Counter" VALUES (374,'stats:succeeded:2022-03-17-11',1,'2022-03-18 11:01:55.9151989');
INSERT INTO "HangFire.Counter" VALUES (375,'stats:succeeded',1,NULL);
INSERT INTO "HangFire.Counter" VALUES (376,'stats:succeeded:2022-03-17',1,'2022-04-17 11:01:55.9162871');
INSERT INTO "HangFire.Counter" VALUES (377,'stats:succeeded:2022-03-17-11',1,'2022-03-18 11:01:55.9163585');
INSERT INTO "HangFire.Counter" VALUES (378,'stats:succeeded',1,NULL);
INSERT INTO "HangFire.Counter" VALUES (379,'stats:succeeded:2022-03-17',1,'2022-04-17 11:01:56.1468698');
INSERT INTO "HangFire.Counter" VALUES (380,'stats:succeeded:2022-03-17-11',1,'2022-03-18 11:01:56.1469816');
INSERT INTO "HangFire.Counter" VALUES (381,'stats:succeeded',1,NULL);
INSERT INTO "HangFire.Counter" VALUES (382,'stats:succeeded:2022-03-17',1,'2022-04-17 11:01:56.1508276');
INSERT INTO "HangFire.Counter" VALUES (383,'stats:succeeded:2022-03-17-11',1,'2022-03-18 11:01:56.1509246');
INSERT INTO "HangFire.Counter" VALUES (384,'stats:succeeded',1,NULL);
INSERT INTO "HangFire.Counter" VALUES (385,'stats:succeeded:2022-03-17',1,'2022-04-17 11:01:56.1569123');
INSERT INTO "HangFire.Counter" VALUES (386,'stats:succeeded:2022-03-17-11',1,'2022-03-18 11:01:56.1579538');
INSERT INTO "HangFire.Counter" VALUES (387,'stats:succeeded',1,NULL);
INSERT INTO "HangFire.Counter" VALUES (388,'stats:succeeded:2022-03-17',1,'2022-04-17 11:01:56.161299');
INSERT INTO "HangFire.Counter" VALUES (389,'stats:succeeded:2022-03-17-11',1,'2022-03-18 11:01:56.161379');
INSERT INTO "HangFire.Counter" VALUES (390,'stats:succeeded',1,NULL);
INSERT INTO "HangFire.Counter" VALUES (391,'stats:succeeded:2022-03-17',1,'2022-04-17 11:01:56.167109');
INSERT INTO "HangFire.Counter" VALUES (392,'stats:succeeded:2022-03-17-11',1,'2022-03-18 11:01:56.1672137');
INSERT INTO "HangFire.Counter" VALUES (393,'stats:succeeded',1,NULL);
INSERT INTO "HangFire.Counter" VALUES (394,'stats:succeeded:2022-03-17',1,'2022-04-17 11:01:56.1737908');
INSERT INTO "HangFire.Counter" VALUES (395,'stats:succeeded:2022-03-17-11',1,'2022-03-18 11:01:56.1738993');
INSERT INTO "HangFire.Counter" VALUES (396,'stats:succeeded',1,NULL);
INSERT INTO "HangFire.Counter" VALUES (397,'stats:succeeded:2022-03-17',1,'2022-04-17 11:27:33.3892838');
INSERT INTO "HangFire.Counter" VALUES (398,'stats:succeeded:2022-03-17-11',1,'2022-03-18 11:27:33.3928962');
INSERT INTO "HangFire.Counter" VALUES (399,'stats:succeeded',1,NULL);
INSERT INTO "HangFire.Counter" VALUES (400,'stats:succeeded:2022-03-17',1,'2022-04-17 11:27:33.4021585');
INSERT INTO "HangFire.Counter" VALUES (401,'stats:succeeded:2022-03-17-11',1,'2022-03-18 11:27:33.4022857');
INSERT INTO "HangFire.Counter" VALUES (402,'stats:succeeded',1,NULL);
INSERT INTO "HangFire.Counter" VALUES (403,'stats:succeeded:2022-03-17',1,'2022-04-17 11:27:33.4039933');
INSERT INTO "HangFire.Counter" VALUES (404,'stats:succeeded:2022-03-17-11',1,'2022-03-18 11:27:33.4043822');
INSERT INTO "HangFire.Counter" VALUES (405,'stats:succeeded',1,NULL);
INSERT INTO "HangFire.Counter" VALUES (406,'stats:succeeded:2022-03-17',1,'2022-04-17 11:27:33.4081682');
INSERT INTO "HangFire.Counter" VALUES (407,'stats:succeeded:2022-03-17-11',1,'2022-03-18 11:27:33.4083255');
INSERT INTO "HangFire.Counter" VALUES (408,'stats:succeeded',1,NULL);
INSERT INTO "HangFire.Counter" VALUES (409,'stats:succeeded:2022-03-17',1,'2022-04-17 11:27:33.4098892');
INSERT INTO "HangFire.Counter" VALUES (410,'stats:succeeded:2022-03-17-11',1,'2022-03-18 11:27:33.4099468');
INSERT INTO "HangFire.Counter" VALUES (411,'stats:succeeded',1,NULL);
INSERT INTO "HangFire.Counter" VALUES (412,'stats:succeeded:2022-03-17',1,'2022-04-17 11:27:33.4112319');
INSERT INTO "HangFire.Counter" VALUES (413,'stats:succeeded:2022-03-17-11',1,'2022-03-18 11:27:33.411318');
INSERT INTO "HangFire.Counter" VALUES (414,'stats:succeeded',1,NULL);
INSERT INTO "HangFire.Counter" VALUES (415,'stats:succeeded:2022-03-17',1,'2022-04-17 11:27:33.4125403');
INSERT INTO "HangFire.Counter" VALUES (416,'stats:succeeded:2022-03-17-11',1,'2022-03-18 11:27:33.4126078');
INSERT INTO "HangFire.Counter" VALUES (417,'stats:succeeded',1,NULL);
INSERT INTO "HangFire.Counter" VALUES (418,'stats:succeeded:2022-03-17',1,'2022-04-17 11:27:33.4138568');
INSERT INTO "HangFire.Counter" VALUES (419,'stats:succeeded:2022-03-17-11',1,'2022-03-18 11:27:33.4139138');
INSERT INTO "HangFire.Counter" VALUES (420,'stats:succeeded',1,NULL);
INSERT INTO "HangFire.Counter" VALUES (421,'stats:succeeded:2022-03-17',1,'2022-04-17 11:27:33.4150465');
INSERT INTO "HangFire.Counter" VALUES (422,'stats:succeeded:2022-03-17-11',1,'2022-03-18 11:27:33.4151136');
INSERT INTO "HangFire.Counter" VALUES (423,'stats:succeeded',1,NULL);
INSERT INTO "HangFire.Counter" VALUES (424,'stats:succeeded:2022-03-17',1,'2022-04-17 11:27:33.4235123');
INSERT INTO "HangFire.Counter" VALUES (425,'stats:succeeded:2022-03-17-11',1,'2022-03-18 11:27:33.4237021');
INSERT INTO "HangFire.Counter" VALUES (426,'stats:succeeded',1,NULL);
INSERT INTO "HangFire.Counter" VALUES (427,'stats:succeeded:2022-03-17',1,'2022-04-17 11:27:33.4251724');
INSERT INTO "HangFire.Counter" VALUES (428,'stats:succeeded:2022-03-17-11',1,'2022-03-18 11:27:33.4252737');
INSERT INTO "HangFire.Counter" VALUES (429,'stats:succeeded',1,NULL);
INSERT INTO "HangFire.Counter" VALUES (430,'stats:succeeded:2022-03-17',1,'2022-04-17 11:27:33.4268929');
INSERT INTO "HangFire.Counter" VALUES (431,'stats:succeeded:2022-03-17-11',1,'2022-03-18 11:27:33.4270912');
INSERT INTO "HangFire.Counter" VALUES (432,'stats:succeeded',1,NULL);
INSERT INTO "HangFire.Counter" VALUES (433,'stats:succeeded:2022-03-17',1,'2022-04-17 11:27:33.4296299');
INSERT INTO "HangFire.Counter" VALUES (434,'stats:succeeded:2022-03-17-11',1,'2022-03-18 11:27:33.4296876');
INSERT INTO "HangFire.Counter" VALUES (435,'stats:succeeded',1,NULL);
INSERT INTO "HangFire.Counter" VALUES (436,'stats:succeeded:2022-03-17',1,'2022-04-17 11:27:33.4308246');
INSERT INTO "HangFire.Counter" VALUES (437,'stats:succeeded:2022-03-17-11',1,'2022-03-18 11:27:33.4309088');
INSERT INTO "HangFire.Counter" VALUES (438,'stats:succeeded',1,NULL);
INSERT INTO "HangFire.Counter" VALUES (439,'stats:succeeded:2022-03-17',1,'2022-04-17 11:27:33.4320873');
INSERT INTO "HangFire.Counter" VALUES (440,'stats:succeeded:2022-03-17-11',1,'2022-03-18 11:27:33.4321525');
INSERT INTO "HangFire.Counter" VALUES (441,'stats:succeeded',1,NULL);
INSERT INTO "HangFire.Counter" VALUES (442,'stats:succeeded:2022-03-17',1,'2022-04-17 11:27:33.433236');
INSERT INTO "HangFire.Counter" VALUES (443,'stats:succeeded:2022-03-17-11',1,'2022-03-18 11:27:33.4333175');
INSERT INTO "HangFire.Counter" VALUES (444,'stats:succeeded',1,NULL);
INSERT INTO "HangFire.Counter" VALUES (445,'stats:succeeded:2022-03-17',1,'2022-04-17 11:27:33.4343588');
INSERT INTO "HangFire.Counter" VALUES (446,'stats:succeeded:2022-03-17-11',1,'2022-03-18 11:27:33.4344252');
INSERT INTO "HangFire.Counter" VALUES (447,'stats:succeeded',1,NULL);
INSERT INTO "HangFire.Counter" VALUES (448,'stats:succeeded:2022-03-17',1,'2022-04-17 11:27:33.4355353');
INSERT INTO "HangFire.Counter" VALUES (449,'stats:succeeded:2022-03-17-11',1,'2022-03-18 11:27:33.4356309');
INSERT INTO "HangFire.Counter" VALUES (450,'stats:succeeded',1,NULL);
INSERT INTO "HangFire.Counter" VALUES (451,'stats:succeeded:2022-03-17',1,'2022-04-17 11:27:33.4391421');
INSERT INTO "HangFire.Counter" VALUES (452,'stats:succeeded:2022-03-17-11',1,'2022-03-18 11:27:33.4392417');
INSERT INTO "HangFire.Counter" VALUES (453,'stats:succeeded',1,NULL);
INSERT INTO "HangFire.Counter" VALUES (454,'stats:succeeded:2022-03-17',1,'2022-04-17 11:27:33.4822696');
INSERT INTO "HangFire.Counter" VALUES (455,'stats:succeeded:2022-03-17-11',1,'2022-03-18 11:27:33.4824458');
INSERT INTO "HangFire.Counter" VALUES (456,'stats:succeeded',1,NULL);
INSERT INTO "HangFire.Counter" VALUES (457,'stats:succeeded:2022-03-17',1,'2022-04-17 11:27:33.6244579');
INSERT INTO "HangFire.Counter" VALUES (458,'stats:succeeded:2022-03-17-11',1,'2022-03-18 11:27:33.6245532');
INSERT INTO "HangFire.Counter" VALUES (459,'stats:succeeded',1,NULL);
INSERT INTO "HangFire.Counter" VALUES (460,'stats:succeeded:2022-03-17',1,'2022-04-17 11:27:33.6617826');
INSERT INTO "HangFire.Counter" VALUES (461,'stats:succeeded:2022-03-17-11',1,'2022-03-18 11:27:33.6645079');
INSERT INTO "HangFire.Counter" VALUES (462,'stats:succeeded',1,NULL);
INSERT INTO "HangFire.Counter" VALUES (463,'stats:succeeded:2022-03-17',1,'2022-04-17 11:27:33.6678114');
INSERT INTO "HangFire.Counter" VALUES (464,'stats:succeeded:2022-03-17-11',1,'2022-03-18 11:27:33.6679519');
INSERT INTO "HangFire.Counter" VALUES (465,'stats:succeeded',1,NULL);
INSERT INTO "HangFire.Counter" VALUES (466,'stats:succeeded:2022-03-17',1,'2022-04-17 11:27:33.6735581');
INSERT INTO "HangFire.Counter" VALUES (467,'stats:succeeded:2022-03-17-11',1,'2022-03-18 11:27:33.681246');
INSERT INTO "HangFire.Counter" VALUES (468,'stats:succeeded',1,NULL);
INSERT INTO "HangFire.Counter" VALUES (469,'stats:succeeded:2022-03-17',1,'2022-04-17 11:35:36.4687459');
INSERT INTO "HangFire.Counter" VALUES (470,'stats:succeeded:2022-03-17-11',1,'2022-03-18 11:35:36.4698246');
INSERT INTO "HangFire.Counter" VALUES (471,'stats:succeeded',1,NULL);
INSERT INTO "HangFire.Counter" VALUES (472,'stats:succeeded:2022-03-17',1,'2022-04-17 11:35:36.4795756');
INSERT INTO "HangFire.Counter" VALUES (473,'stats:succeeded:2022-03-17-11',1,'2022-03-18 11:35:36.4796684');
INSERT INTO "HangFire.Counter" VALUES (474,'stats:succeeded',1,NULL);
INSERT INTO "HangFire.Counter" VALUES (475,'stats:succeeded:2022-03-17',1,'2022-04-17 11:35:36.4810626');
INSERT INTO "HangFire.Counter" VALUES (476,'stats:succeeded:2022-03-17-11',1,'2022-03-18 11:35:36.4811517');
INSERT INTO "HangFire.Counter" VALUES (477,'stats:succeeded',1,NULL);
INSERT INTO "HangFire.Counter" VALUES (478,'stats:succeeded:2022-03-17',1,'2022-04-17 11:35:36.483792');
INSERT INTO "HangFire.Counter" VALUES (479,'stats:succeeded:2022-03-17-11',1,'2022-03-18 11:35:36.4838857');
INSERT INTO "HangFire.Counter" VALUES (480,'stats:succeeded',1,NULL);
INSERT INTO "HangFire.Counter" VALUES (481,'stats:succeeded:2022-03-17',1,'2022-04-17 11:35:36.4853289');
INSERT INTO "HangFire.Counter" VALUES (482,'stats:succeeded:2022-03-17-11',1,'2022-03-18 11:35:36.485395');
INSERT INTO "HangFire.Counter" VALUES (483,'stats:succeeded',1,NULL);
INSERT INTO "HangFire.Counter" VALUES (484,'stats:succeeded:2022-03-17',1,'2022-04-17 11:35:36.4865143');
INSERT INTO "HangFire.Counter" VALUES (485,'stats:succeeded:2022-03-17-11',1,'2022-03-18 11:35:36.4865847');
INSERT INTO "HangFire.Counter" VALUES (486,'stats:succeeded',1,NULL);
INSERT INTO "HangFire.Counter" VALUES (487,'stats:succeeded:2022-03-17',1,'2022-04-17 11:35:36.4881085');
INSERT INTO "HangFire.Counter" VALUES (488,'stats:succeeded:2022-03-17-11',1,'2022-03-18 11:35:36.4883933');
INSERT INTO "HangFire.Counter" VALUES (489,'stats:succeeded',1,NULL);
INSERT INTO "HangFire.Counter" VALUES (490,'stats:succeeded:2022-03-17',1,'2022-04-17 11:35:36.4898535');
INSERT INTO "HangFire.Counter" VALUES (491,'stats:succeeded:2022-03-17-11',1,'2022-03-18 11:35:36.4899243');
INSERT INTO "HangFire.Counter" VALUES (492,'stats:succeeded',1,NULL);
INSERT INTO "HangFire.Counter" VALUES (493,'stats:succeeded:2022-03-17',1,'2022-04-17 11:35:36.4909469');
INSERT INTO "HangFire.Counter" VALUES (494,'stats:succeeded:2022-03-17-11',1,'2022-03-18 11:35:36.4910128');
INSERT INTO "HangFire.Counter" VALUES (495,'stats:succeeded',1,NULL);
INSERT INTO "HangFire.Counter" VALUES (496,'stats:succeeded:2022-03-17',1,'2022-04-17 11:35:36.4921431');
INSERT INTO "HangFire.Counter" VALUES (497,'stats:succeeded:2022-03-17-11',1,'2022-03-18 11:35:36.4922216');
INSERT INTO "HangFire.Counter" VALUES (498,'stats:succeeded',1,NULL);
INSERT INTO "HangFire.Counter" VALUES (499,'stats:succeeded:2022-03-17',1,'2022-04-17 11:35:36.4938805');
INSERT INTO "HangFire.Counter" VALUES (500,'stats:succeeded:2022-03-17-11',1,'2022-03-18 11:35:36.4939615');
INSERT INTO "HangFire.Counter" VALUES (501,'stats:succeeded',1,NULL);
INSERT INTO "HangFire.Counter" VALUES (502,'stats:succeeded:2022-03-17',1,'2022-04-17 11:35:36.4955311');
INSERT INTO "HangFire.Counter" VALUES (503,'stats:succeeded:2022-03-17-11',1,'2022-03-18 11:35:36.4955945');
INSERT INTO "HangFire.Counter" VALUES (504,'stats:succeeded',1,NULL);
INSERT INTO "HangFire.Counter" VALUES (505,'stats:succeeded:2022-03-17',1,'2022-04-17 11:35:36.4970572');
INSERT INTO "HangFire.Counter" VALUES (506,'stats:succeeded:2022-03-17-11',1,'2022-03-18 11:35:36.4971184');
INSERT INTO "HangFire.Counter" VALUES (507,'stats:succeeded',1,NULL);
INSERT INTO "HangFire.Counter" VALUES (508,'stats:succeeded:2022-03-17',1,'2022-04-17 11:35:36.4986571');
INSERT INTO "HangFire.Counter" VALUES (509,'stats:succeeded:2022-03-17-11',1,'2022-03-18 11:35:36.4987385');
INSERT INTO "HangFire.Counter" VALUES (510,'stats:succeeded',1,NULL);
INSERT INTO "HangFire.Counter" VALUES (511,'stats:succeeded:2022-03-17',1,'2022-04-17 11:35:36.5001454');
INSERT INTO "HangFire.Counter" VALUES (512,'stats:succeeded:2022-03-17-11',1,'2022-03-18 11:35:36.5001842');
INSERT INTO "HangFire.Counter" VALUES (513,'stats:succeeded',1,NULL);
INSERT INTO "HangFire.Counter" VALUES (514,'stats:succeeded:2022-03-17',1,'2022-04-17 11:35:36.501707');
INSERT INTO "HangFire.Counter" VALUES (515,'stats:succeeded:2022-03-17-11',1,'2022-03-18 11:35:36.5017993');
INSERT INTO "HangFire.Counter" VALUES (516,'stats:succeeded',1,NULL);
INSERT INTO "HangFire.Counter" VALUES (517,'stats:succeeded:2022-03-17',1,'2022-04-17 11:35:36.503161');
INSERT INTO "HangFire.Counter" VALUES (518,'stats:succeeded:2022-03-17-11',1,'2022-03-18 11:35:36.5032119');
INSERT INTO "HangFire.Counter" VALUES (519,'stats:succeeded',1,NULL);
INSERT INTO "HangFire.Counter" VALUES (520,'stats:succeeded:2022-03-17',1,'2022-04-17 11:35:36.5045534');
INSERT INTO "HangFire.Counter" VALUES (521,'stats:succeeded:2022-03-17-11',1,'2022-03-18 11:35:36.5046586');
INSERT INTO "HangFire.Counter" VALUES (522,'stats:succeeded',1,NULL);
INSERT INTO "HangFire.Counter" VALUES (523,'stats:succeeded:2022-03-17',1,'2022-04-17 11:35:36.5066845');
INSERT INTO "HangFire.Counter" VALUES (524,'stats:succeeded:2022-03-17-11',1,'2022-03-18 11:35:36.5067465');
INSERT INTO "HangFire.Counter" VALUES (525,'stats:succeeded',1,NULL);
INSERT INTO "HangFire.Counter" VALUES (526,'stats:succeeded:2022-03-17',1,'2022-04-17 11:35:36.5081611');
INSERT INTO "HangFire.Counter" VALUES (527,'stats:succeeded:2022-03-17-11',1,'2022-03-18 11:35:36.508218');
INSERT INTO "HangFire.Counter" VALUES (528,'stats:succeeded',1,NULL);
INSERT INTO "HangFire.Counter" VALUES (529,'stats:succeeded:2022-03-17',1,'2022-04-17 11:36:23.7902969');
INSERT INTO "HangFire.Counter" VALUES (530,'stats:succeeded:2022-03-17-11',1,'2022-03-18 11:36:23.791057');
INSERT INTO "HangFire.Counter" VALUES (531,'stats:succeeded',1,NULL);
INSERT INTO "HangFire.Counter" VALUES (532,'stats:succeeded:2022-03-17',1,'2022-04-17 11:36:23.8089429');
INSERT INTO "HangFire.Counter" VALUES (533,'stats:succeeded:2022-03-17-11',1,'2022-03-18 11:36:23.8091078');
INSERT INTO "HangFire.Counter" VALUES (534,'stats:succeeded',1,NULL);
INSERT INTO "HangFire.Counter" VALUES (535,'stats:succeeded:2022-03-17',1,'2022-04-17 11:36:23.8125562');
INSERT INTO "HangFire.Counter" VALUES (536,'stats:succeeded:2022-03-17-11',1,'2022-03-18 11:36:23.8126559');
INSERT INTO "HangFire.Counter" VALUES (537,'stats:succeeded',1,NULL);
INSERT INTO "HangFire.Counter" VALUES (538,'stats:succeeded:2022-03-17',1,'2022-04-17 11:36:23.8522798');
INSERT INTO "HangFire.Counter" VALUES (539,'stats:succeeded:2022-03-17-11',1,'2022-03-18 11:36:23.8523807');
INSERT INTO "HangFire.Counter" VALUES (540,'stats:succeeded',1,NULL);
INSERT INTO "HangFire.Counter" VALUES (541,'stats:succeeded:2022-03-17',1,'2022-04-17 11:36:23.8607415');
INSERT INTO "HangFire.Counter" VALUES (542,'stats:succeeded:2022-03-17-11',1,'2022-03-18 11:36:23.8608353');
INSERT INTO "HangFire.Counter" VALUES (543,'stats:succeeded',1,NULL);
INSERT INTO "HangFire.Counter" VALUES (544,'stats:succeeded:2022-03-17',1,'2022-04-17 11:36:23.8663674');
INSERT INTO "HangFire.Counter" VALUES (545,'stats:succeeded:2022-03-17-11',1,'2022-03-18 11:36:23.8664304');
INSERT INTO "HangFire.Counter" VALUES (546,'stats:succeeded',1,NULL);
INSERT INTO "HangFire.Counter" VALUES (547,'stats:succeeded:2022-03-17',1,'2022-04-17 11:36:23.9118926');
INSERT INTO "HangFire.Counter" VALUES (548,'stats:succeeded:2022-03-17-11',1,'2022-03-18 11:36:23.9120678');
INSERT INTO "HangFire.Counter" VALUES (549,'stats:succeeded',1,NULL);
INSERT INTO "HangFire.Counter" VALUES (550,'stats:succeeded:2022-03-17',1,'2022-04-17 11:36:23.920757');
INSERT INTO "HangFire.Counter" VALUES (551,'stats:succeeded:2022-03-17-11',1,'2022-03-18 11:36:23.9208486');
INSERT INTO "HangFire.Counter" VALUES (552,'stats:succeeded',1,NULL);
INSERT INTO "HangFire.Counter" VALUES (553,'stats:succeeded:2022-03-17',1,'2022-04-17 11:36:23.9492126');
INSERT INTO "HangFire.Counter" VALUES (554,'stats:succeeded:2022-03-17-11',1,'2022-03-18 11:36:23.9493779');
INSERT INTO "HangFire.Counter" VALUES (555,'stats:succeeded',1,NULL);
INSERT INTO "HangFire.Counter" VALUES (556,'stats:succeeded:2022-03-17',1,'2022-04-17 11:36:23.9611208');
INSERT INTO "HangFire.Counter" VALUES (557,'stats:succeeded:2022-03-17-11',1,'2022-03-18 11:36:23.9612048');
INSERT INTO "HangFire.Counter" VALUES (558,'stats:succeeded',1,NULL);
INSERT INTO "HangFire.Counter" VALUES (559,'stats:succeeded:2022-03-17',1,'2022-04-17 11:36:23.9776738');
INSERT INTO "HangFire.Counter" VALUES (560,'stats:succeeded:2022-03-17-11',1,'2022-03-18 11:36:23.9778748');
INSERT INTO "HangFire.Counter" VALUES (561,'stats:succeeded',1,NULL);
INSERT INTO "HangFire.Counter" VALUES (562,'stats:succeeded:2022-03-17',1,'2022-04-17 11:36:23.9855411');
INSERT INTO "HangFire.Counter" VALUES (563,'stats:succeeded:2022-03-17-11',1,'2022-03-18 11:36:23.9865018');
INSERT INTO "HangFire.Counter" VALUES (564,'stats:succeeded',1,NULL);
INSERT INTO "HangFire.Counter" VALUES (565,'stats:succeeded:2022-03-17',1,'2022-04-17 11:36:23.9924803');
INSERT INTO "HangFire.Counter" VALUES (566,'stats:succeeded:2022-03-17-11',1,'2022-03-18 11:36:23.9925481');
INSERT INTO "HangFire.Counter" VALUES (567,'stats:succeeded',1,NULL);
INSERT INTO "HangFire.Counter" VALUES (568,'stats:succeeded:2022-03-17',1,'2022-04-17 11:36:24.0339558');
INSERT INTO "HangFire.Counter" VALUES (569,'stats:succeeded:2022-03-17-11',1,'2022-03-18 11:36:24.0348759');
INSERT INTO "HangFire.Counter" VALUES (570,'stats:succeeded',1,NULL);
INSERT INTO "HangFire.Counter" VALUES (571,'stats:succeeded:2022-03-17',1,'2022-04-17 11:36:24.0511963');
INSERT INTO "HangFire.Counter" VALUES (572,'stats:succeeded:2022-03-17-11',1,'2022-03-18 11:36:24.0513292');
INSERT INTO "HangFire.Counter" VALUES (573,'stats:succeeded',1,NULL);
INSERT INTO "HangFire.Counter" VALUES (574,'stats:succeeded:2022-03-17',1,'2022-04-17 11:36:24.0575886');
INSERT INTO "HangFire.Counter" VALUES (575,'stats:succeeded:2022-03-17-11',1,'2022-03-18 11:36:24.0584562');
INSERT INTO "HangFire.Counter" VALUES (576,'stats:succeeded',1,NULL);
INSERT INTO "HangFire.Counter" VALUES (577,'stats:succeeded:2022-03-17',1,'2022-04-17 11:36:24.0716041');
INSERT INTO "HangFire.Counter" VALUES (578,'stats:succeeded:2022-03-17-11',1,'2022-03-18 11:36:24.0716874');
INSERT INTO "HangFire.Counter" VALUES (579,'stats:succeeded',1,NULL);
INSERT INTO "HangFire.Counter" VALUES (580,'stats:succeeded:2022-03-17',1,'2022-04-17 11:36:24.0755234');
INSERT INTO "HangFire.Counter" VALUES (581,'stats:succeeded:2022-03-17-11',1,'2022-03-18 11:36:24.0756499');
INSERT INTO "HangFire.Counter" VALUES (582,'stats:succeeded',1,NULL);
INSERT INTO "HangFire.Counter" VALUES (583,'stats:succeeded:2022-03-17',1,'2022-04-17 11:36:24.0817058');
INSERT INTO "HangFire.Counter" VALUES (584,'stats:succeeded:2022-03-17-11',1,'2022-03-18 11:36:24.0817732');
INSERT INTO "HangFire.Counter" VALUES (585,'stats:succeeded',1,NULL);
INSERT INTO "HangFire.Counter" VALUES (586,'stats:succeeded:2022-03-17',1,'2022-04-17 11:36:24.0881647');
INSERT INTO "HangFire.Counter" VALUES (587,'stats:succeeded:2022-03-17-11',1,'2022-03-18 11:36:24.0882511');
INSERT INTO "HangFire.Counter" VALUES (588,'stats:succeeded',1,NULL);
INSERT INTO "HangFire.Counter" VALUES (589,'stats:succeeded:2022-03-17',1,'2022-04-17 11:36:24.101182');
INSERT INTO "HangFire.Counter" VALUES (590,'stats:succeeded:2022-03-17-11',1,'2022-03-18 11:36:24.1012748');
INSERT INTO "HangFire.Counter" VALUES (591,'stats:succeeded',1,NULL);
INSERT INTO "HangFire.Counter" VALUES (592,'stats:succeeded:2022-03-19',1,'2022-04-19 09:30:21.651526');
INSERT INTO "HangFire.Counter" VALUES (593,'stats:succeeded:2022-03-19-09',1,'2022-03-20 09:30:21.6524929');
INSERT INTO "HangFire.Counter" VALUES (594,'stats:succeeded',1,NULL);
INSERT INTO "HangFire.Counter" VALUES (595,'stats:succeeded:2022-03-19',1,'2022-04-19 09:30:21.6553208');
INSERT INTO "HangFire.Counter" VALUES (596,'stats:succeeded:2022-03-19-09',1,'2022-03-20 09:30:21.6554203');
INSERT INTO "HangFire.Counter" VALUES (597,'stats:succeeded',1,NULL);
INSERT INTO "HangFire.Counter" VALUES (598,'stats:succeeded:2022-03-19',1,'2022-04-19 09:30:21.6566368');
INSERT INTO "HangFire.Counter" VALUES (599,'stats:succeeded:2022-03-19-09',1,'2022-03-20 09:30:21.656754');
INSERT INTO "HangFire.Counter" VALUES (600,'stats:succeeded',1,NULL);
INSERT INTO "HangFire.Counter" VALUES (601,'stats:succeeded:2022-03-19',1,'2022-04-19 09:30:21.6591518');
INSERT INTO "HangFire.Counter" VALUES (602,'stats:succeeded:2022-03-19-09',1,'2022-03-20 09:30:21.6593934');
INSERT INTO "HangFire.Counter" VALUES (603,'stats:succeeded',1,NULL);
INSERT INTO "HangFire.Counter" VALUES (604,'stats:succeeded:2022-03-19',1,'2022-04-19 09:30:21.6603385');
INSERT INTO "HangFire.Counter" VALUES (605,'stats:succeeded:2022-03-19-09',1,'2022-03-20 09:30:21.6604988');
INSERT INTO "HangFire.Counter" VALUES (606,'stats:succeeded',1,NULL);
INSERT INTO "HangFire.Counter" VALUES (607,'stats:succeeded:2022-03-19',1,'2022-04-19 09:30:21.661398');
INSERT INTO "HangFire.Counter" VALUES (608,'stats:succeeded:2022-03-19-09',1,'2022-03-20 09:30:21.6614479');
INSERT INTO "HangFire.Counter" VALUES (609,'stats:succeeded',1,NULL);
INSERT INTO "HangFire.Counter" VALUES (610,'stats:succeeded:2022-03-19',1,'2022-04-19 09:30:21.6623847');
INSERT INTO "HangFire.Counter" VALUES (611,'stats:succeeded:2022-03-19-09',1,'2022-03-20 09:30:21.6624331');
INSERT INTO "HangFire.Counter" VALUES (612,'stats:succeeded',1,NULL);
INSERT INTO "HangFire.Counter" VALUES (613,'stats:succeeded:2022-03-19',1,'2022-04-19 09:30:21.6633904');
INSERT INTO "HangFire.Counter" VALUES (614,'stats:succeeded:2022-03-19-09',1,'2022-03-20 09:30:21.6634754');
INSERT INTO "HangFire.Counter" VALUES (615,'stats:succeeded',1,NULL);
INSERT INTO "HangFire.Counter" VALUES (616,'stats:succeeded:2022-03-19',1,'2022-04-19 09:30:21.6645389');
INSERT INTO "HangFire.Counter" VALUES (617,'stats:succeeded:2022-03-19-09',1,'2022-03-20 09:30:21.664585');
INSERT INTO "HangFire.Counter" VALUES (618,'stats:succeeded',1,NULL);
INSERT INTO "HangFire.Counter" VALUES (619,'stats:succeeded:2022-03-19',1,'2022-04-19 09:30:21.6655178');
INSERT INTO "HangFire.Counter" VALUES (620,'stats:succeeded:2022-03-19-09',1,'2022-03-20 09:30:21.6655534');
INSERT INTO "HangFire.Counter" VALUES (621,'stats:succeeded',1,NULL);
INSERT INTO "HangFire.Counter" VALUES (622,'stats:succeeded:2022-03-19',1,'2022-04-19 09:30:21.6665199');
INSERT INTO "HangFire.Counter" VALUES (623,'stats:succeeded:2022-03-19-09',1,'2022-03-20 09:30:21.6665575');
INSERT INTO "HangFire.Counter" VALUES (624,'stats:succeeded',1,NULL);
INSERT INTO "HangFire.Counter" VALUES (625,'stats:succeeded:2022-03-19',1,'2022-04-19 09:30:21.666898');
INSERT INTO "HangFire.Counter" VALUES (626,'stats:succeeded:2022-03-19-09',1,'2022-03-20 09:30:21.6677723');
INSERT INTO "HangFire.Counter" VALUES (627,'stats:succeeded',1,NULL);
INSERT INTO "HangFire.Counter" VALUES (628,'stats:succeeded:2022-03-19',1,'2022-04-19 09:30:21.6690087');
INSERT INTO "HangFire.Counter" VALUES (629,'stats:succeeded:2022-03-19-09',1,'2022-03-20 09:30:21.6690389');
INSERT INTO "HangFire.Counter" VALUES (630,'stats:succeeded',1,NULL);
INSERT INTO "HangFire.Counter" VALUES (631,'stats:succeeded:2022-03-19',1,'2022-04-19 09:30:21.6699338');
INSERT INTO "HangFire.Counter" VALUES (632,'stats:succeeded:2022-03-19-09',1,'2022-03-20 09:30:21.669983');
INSERT INTO "HangFire.Counter" VALUES (633,'stats:succeeded',1,NULL);
INSERT INTO "HangFire.Counter" VALUES (634,'stats:succeeded:2022-03-19',1,'2022-04-19 09:30:21.6710626');
INSERT INTO "HangFire.Counter" VALUES (635,'stats:succeeded:2022-03-19-09',1,'2022-03-20 09:30:21.6711114');
INSERT INTO "HangFire.Counter" VALUES (636,'stats:succeeded',1,NULL);
INSERT INTO "HangFire.Counter" VALUES (637,'stats:succeeded:2022-03-19',1,'2022-04-19 09:30:21.6712113');
INSERT INTO "HangFire.Counter" VALUES (638,'stats:succeeded:2022-03-19-09',1,'2022-03-20 09:30:21.6720862');
INSERT INTO "HangFire.Counter" VALUES (639,'stats:succeeded',1,NULL);
INSERT INTO "HangFire.Counter" VALUES (640,'stats:succeeded:2022-03-19',1,'2022-04-19 09:30:21.672357');
INSERT INTO "HangFire.Counter" VALUES (641,'stats:succeeded:2022-03-19-09',1,'2022-03-20 09:30:21.6732324');
INSERT INTO "HangFire.Counter" VALUES (642,'stats:succeeded',1,NULL);
INSERT INTO "HangFire.Counter" VALUES (643,'stats:succeeded:2022-03-19',1,'2022-04-19 09:30:21.6747975');
INSERT INTO "HangFire.Counter" VALUES (644,'stats:succeeded:2022-03-19-09',1,'2022-03-20 09:30:21.6748469');
INSERT INTO "HangFire.Counter" VALUES (645,'stats:succeeded',1,NULL);
INSERT INTO "HangFire.Counter" VALUES (646,'stats:succeeded:2022-03-19',1,'2022-04-19 09:30:21.6759608');
INSERT INTO "HangFire.Counter" VALUES (647,'stats:succeeded:2022-03-19-09',1,'2022-03-20 09:30:21.67616');
INSERT INTO "HangFire.Counter" VALUES (648,'stats:succeeded',1,NULL);
INSERT INTO "HangFire.Counter" VALUES (649,'stats:succeeded:2022-03-19',1,'2022-04-19 09:30:21.677375');
INSERT INTO "HangFire.Counter" VALUES (650,'stats:succeeded:2022-03-19-09',1,'2022-03-20 09:30:21.6774689');
INSERT INTO "HangFire.Counter" VALUES (651,'stats:succeeded',1,NULL);
INSERT INTO "HangFire.Counter" VALUES (652,'stats:succeeded:2022-03-19',1,'2022-04-19 09:43:45.9487362');
INSERT INTO "HangFire.Counter" VALUES (653,'stats:succeeded:2022-03-19-09',1,'2022-03-20 09:43:45.9560612');
INSERT INTO "HangFire.Counter" VALUES (654,'stats:succeeded',1,NULL);
INSERT INTO "HangFire.Counter" VALUES (655,'stats:succeeded:2022-03-19',1,'2022-04-19 09:43:45.9650838');
INSERT INTO "HangFire.Counter" VALUES (656,'stats:succeeded:2022-03-19-09',1,'2022-03-20 09:43:45.9651816');
INSERT INTO "HangFire.Counter" VALUES (657,'stats:succeeded',1,NULL);
INSERT INTO "HangFire.Counter" VALUES (658,'stats:succeeded:2022-03-19',1,'2022-04-19 09:43:45.9665989');
INSERT INTO "HangFire.Counter" VALUES (659,'stats:succeeded:2022-03-19-09',1,'2022-03-20 09:43:45.9666827');
INSERT INTO "HangFire.Counter" VALUES (660,'stats:succeeded',1,NULL);
INSERT INTO "HangFire.Counter" VALUES (661,'stats:succeeded:2022-03-19',1,'2022-04-19 09:43:45.9699856');
INSERT INTO "HangFire.Counter" VALUES (662,'stats:succeeded:2022-03-19-09',1,'2022-03-20 09:43:45.9701165');
INSERT INTO "HangFire.Counter" VALUES (663,'stats:succeeded',1,NULL);
INSERT INTO "HangFire.Counter" VALUES (664,'stats:succeeded:2022-03-19',1,'2022-04-19 09:43:45.9723066');
INSERT INTO "HangFire.Counter" VALUES (665,'stats:succeeded:2022-03-19-09',1,'2022-03-20 09:43:45.972348');
INSERT INTO "HangFire.Counter" VALUES (666,'stats:succeeded',1,NULL);
INSERT INTO "HangFire.Counter" VALUES (667,'stats:succeeded:2022-03-19',1,'2022-04-19 09:43:45.9736335');
INSERT INTO "HangFire.Counter" VALUES (668,'stats:succeeded:2022-03-19-09',1,'2022-03-20 09:43:45.9736794');
INSERT INTO "HangFire.Counter" VALUES (669,'stats:succeeded',1,NULL);
INSERT INTO "HangFire.Counter" VALUES (670,'stats:succeeded:2022-03-19',1,'2022-04-19 09:43:45.9753055');
INSERT INTO "HangFire.Counter" VALUES (671,'stats:succeeded:2022-03-19-09',1,'2022-03-20 09:43:45.975354');
INSERT INTO "HangFire.Counter" VALUES (672,'stats:succeeded',1,NULL);
INSERT INTO "HangFire.Counter" VALUES (673,'stats:succeeded:2022-03-19',1,'2022-04-19 09:43:45.9774788');
INSERT INTO "HangFire.Counter" VALUES (674,'stats:succeeded:2022-03-19-09',1,'2022-03-20 09:43:45.9775504');
INSERT INTO "HangFire.Counter" VALUES (675,'stats:succeeded',1,NULL);
INSERT INTO "HangFire.Counter" VALUES (676,'stats:succeeded:2022-03-19',1,'2022-04-19 09:43:45.9791426');
INSERT INTO "HangFire.Counter" VALUES (677,'stats:succeeded:2022-03-19-09',1,'2022-03-20 09:43:45.9791986');
INSERT INTO "HangFire.Counter" VALUES (678,'stats:succeeded',1,NULL);
INSERT INTO "HangFire.Counter" VALUES (679,'stats:succeeded:2022-03-19',1,'2022-04-19 09:43:45.9812724');
INSERT INTO "HangFire.Counter" VALUES (680,'stats:succeeded:2022-03-19-09',1,'2022-03-20 09:43:45.9813379');
INSERT INTO "HangFire.Counter" VALUES (681,'stats:succeeded',1,NULL);
INSERT INTO "HangFire.Counter" VALUES (682,'stats:succeeded:2022-03-19',1,'2022-04-19 09:43:45.9826983');
INSERT INTO "HangFire.Counter" VALUES (683,'stats:succeeded:2022-03-19-09',1,'2022-03-20 09:43:45.982744');
INSERT INTO "HangFire.Counter" VALUES (684,'stats:succeeded',1,NULL);
INSERT INTO "HangFire.Counter" VALUES (685,'stats:succeeded:2022-03-19',1,'2022-04-19 09:43:45.9846855');
INSERT INTO "HangFire.Counter" VALUES (686,'stats:succeeded:2022-03-19-09',1,'2022-03-20 09:43:45.9847911');
INSERT INTO "HangFire.Counter" VALUES (687,'stats:succeeded',1,NULL);
INSERT INTO "HangFire.Counter" VALUES (688,'stats:succeeded:2022-03-19',1,'2022-04-19 09:43:45.9865834');
INSERT INTO "HangFire.Counter" VALUES (689,'stats:succeeded:2022-03-19-09',1,'2022-03-20 09:43:45.9866836');
INSERT INTO "HangFire.Counter" VALUES (690,'stats:succeeded',1,NULL);
INSERT INTO "HangFire.Counter" VALUES (691,'stats:succeeded:2022-03-19',1,'2022-04-19 09:43:45.9886283');
INSERT INTO "HangFire.Counter" VALUES (692,'stats:succeeded:2022-03-19-09',1,'2022-03-20 09:43:45.9887036');
INSERT INTO "HangFire.Counter" VALUES (693,'stats:succeeded',1,NULL);
INSERT INTO "HangFire.Counter" VALUES (694,'stats:succeeded:2022-03-19',1,'2022-04-19 09:43:45.9904389');
INSERT INTO "HangFire.Counter" VALUES (695,'stats:succeeded:2022-03-19-09',1,'2022-03-20 09:43:45.9905453');
INSERT INTO "HangFire.Counter" VALUES (696,'stats:succeeded',1,NULL);
INSERT INTO "HangFire.Counter" VALUES (697,'stats:succeeded:2022-03-19',1,'2022-04-19 09:43:45.9922351');
INSERT INTO "HangFire.Counter" VALUES (698,'stats:succeeded:2022-03-19-09',1,'2022-03-20 09:43:45.9922998');
INSERT INTO "HangFire.Counter" VALUES (699,'stats:succeeded',1,NULL);
INSERT INTO "HangFire.Counter" VALUES (700,'stats:succeeded:2022-03-19',1,'2022-04-19 09:43:45.9938644');
INSERT INTO "HangFire.Counter" VALUES (701,'stats:succeeded:2022-03-19-09',1,'2022-03-20 09:43:45.9939311');
INSERT INTO "HangFire.Counter" VALUES (702,'stats:succeeded',1,NULL);
INSERT INTO "HangFire.Counter" VALUES (703,'stats:succeeded:2022-03-19',1,'2022-04-19 09:43:45.9957567');
INSERT INTO "HangFire.Counter" VALUES (704,'stats:succeeded:2022-03-19-09',1,'2022-03-20 09:43:45.9958584');
INSERT INTO "HangFire.Counter" VALUES (705,'stats:succeeded',1,NULL);
INSERT INTO "HangFire.Counter" VALUES (706,'stats:succeeded:2022-03-19',1,'2022-04-19 09:43:45.9977798');
INSERT INTO "HangFire.Counter" VALUES (707,'stats:succeeded:2022-03-19-09',1,'2022-03-20 09:43:45.9978584');
INSERT INTO "HangFire.Counter" VALUES (708,'stats:succeeded',1,NULL);
INSERT INTO "HangFire.Counter" VALUES (709,'stats:succeeded:2022-03-19',1,'2022-04-19 09:43:45.9992774');
INSERT INTO "HangFire.Counter" VALUES (710,'stats:succeeded:2022-03-19-09',1,'2022-03-20 09:43:45.999334');
INSERT INTO "HangFire.Counter" VALUES (711,'stats:succeeded',1,NULL);
INSERT INTO "HangFire.Counter" VALUES (712,'stats:succeeded:2022-03-20',1,'2022-04-20 11:26:27.2605083');
INSERT INTO "HangFire.Counter" VALUES (713,'stats:succeeded:2022-03-20-11',1,'2022-03-21 11:26:27.2624166');
INSERT INTO "HangFire.Counter" VALUES (714,'stats:succeeded',1,NULL);
INSERT INTO "HangFire.Counter" VALUES (715,'stats:succeeded:2022-03-20',1,'2022-04-20 11:26:27.267765');
INSERT INTO "HangFire.Counter" VALUES (716,'stats:succeeded:2022-03-20-11',1,'2022-03-21 11:26:27.2678744');
INSERT INTO "HangFire.Counter" VALUES (717,'stats:succeeded',1,NULL);
INSERT INTO "HangFire.Counter" VALUES (718,'stats:succeeded:2022-03-20',1,'2022-04-20 11:26:27.269475');
INSERT INTO "HangFire.Counter" VALUES (719,'stats:succeeded:2022-03-20-11',1,'2022-03-21 11:26:27.2695997');
INSERT INTO "HangFire.Counter" VALUES (720,'stats:succeeded',1,NULL);
INSERT INTO "HangFire.Counter" VALUES (721,'stats:succeeded:2022-03-20',1,'2022-04-20 11:26:27.273541');
INSERT INTO "HangFire.Counter" VALUES (722,'stats:succeeded:2022-03-20-11',1,'2022-03-21 11:26:27.2736247');
INSERT INTO "HangFire.Counter" VALUES (723,'stats:succeeded',1,NULL);
INSERT INTO "HangFire.Counter" VALUES (724,'stats:succeeded:2022-03-20',1,'2022-04-20 11:26:27.2762221');
INSERT INTO "HangFire.Counter" VALUES (725,'stats:succeeded:2022-03-20-11',1,'2022-03-21 11:26:27.2766645');
INSERT INTO "HangFire.Counter" VALUES (726,'stats:succeeded',1,NULL);
INSERT INTO "HangFire.Counter" VALUES (727,'stats:succeeded:2022-03-20',1,'2022-04-20 11:26:27.2797608');
INSERT INTO "HangFire.Counter" VALUES (728,'stats:succeeded:2022-03-20-11',1,'2022-03-21 11:26:27.2798195');
INSERT INTO "HangFire.Counter" VALUES (729,'stats:succeeded',1,NULL);
INSERT INTO "HangFire.Counter" VALUES (730,'stats:succeeded:2022-03-20',1,'2022-04-20 11:26:27.2830224');
INSERT INTO "HangFire.Counter" VALUES (731,'stats:succeeded:2022-03-20-11',1,'2022-03-21 11:26:27.2830907');
INSERT INTO "HangFire.Counter" VALUES (732,'stats:succeeded',1,NULL);
INSERT INTO "HangFire.Counter" VALUES (733,'stats:succeeded:2022-03-20',1,'2022-04-20 11:26:27.286354');
INSERT INTO "HangFire.Counter" VALUES (734,'stats:succeeded:2022-03-20-11',1,'2022-03-21 11:26:27.2864295');
INSERT INTO "HangFire.Counter" VALUES (735,'stats:succeeded',1,NULL);
INSERT INTO "HangFire.Counter" VALUES (736,'stats:succeeded:2022-03-20',1,'2022-04-20 11:26:27.2880113');
INSERT INTO "HangFire.Counter" VALUES (737,'stats:succeeded:2022-03-20-11',1,'2022-03-21 11:26:27.2880774');
INSERT INTO "HangFire.Counter" VALUES (738,'stats:succeeded',1,NULL);
INSERT INTO "HangFire.Counter" VALUES (739,'stats:succeeded:2022-03-20',1,'2022-04-20 11:26:27.2909701');
INSERT INTO "HangFire.Counter" VALUES (740,'stats:succeeded:2022-03-20-11',1,'2022-03-21 11:26:27.2910477');
INSERT INTO "HangFire.Counter" VALUES (741,'stats:succeeded',1,NULL);
INSERT INTO "HangFire.Counter" VALUES (742,'stats:succeeded:2022-03-20',1,'2022-04-20 11:26:27.2943207');
INSERT INTO "HangFire.Counter" VALUES (743,'stats:succeeded:2022-03-20-11',1,'2022-03-21 11:26:27.294388');
INSERT INTO "HangFire.Counter" VALUES (744,'stats:succeeded',1,NULL);
INSERT INTO "HangFire.Counter" VALUES (745,'stats:succeeded:2022-03-20',1,'2022-04-20 11:26:27.2960468');
INSERT INTO "HangFire.Counter" VALUES (746,'stats:succeeded:2022-03-20-11',1,'2022-03-21 11:26:27.296112');
INSERT INTO "HangFire.Counter" VALUES (747,'stats:succeeded',1,NULL);
INSERT INTO "HangFire.Counter" VALUES (748,'stats:succeeded:2022-03-20',1,'2022-04-20 11:26:27.2990778');
INSERT INTO "HangFire.Counter" VALUES (749,'stats:succeeded:2022-03-20-11',1,'2022-03-21 11:26:27.2991444');
INSERT INTO "HangFire.Counter" VALUES (750,'stats:succeeded',1,NULL);
INSERT INTO "HangFire.Counter" VALUES (751,'stats:succeeded:2022-03-20',1,'2022-04-20 11:26:27.3018679');
INSERT INTO "HangFire.Counter" VALUES (752,'stats:succeeded:2022-03-20-11',1,'2022-03-21 11:26:27.3021078');
INSERT INTO "HangFire.Counter" VALUES (753,'stats:succeeded',1,NULL);
INSERT INTO "HangFire.Counter" VALUES (754,'stats:succeeded:2022-03-20',1,'2022-04-20 11:26:27.3098857');
INSERT INTO "HangFire.Counter" VALUES (755,'stats:succeeded:2022-03-20-11',1,'2022-03-21 11:26:27.3099751');
INSERT INTO "HangFire.Counter" VALUES (756,'stats:succeeded',1,NULL);
INSERT INTO "HangFire.Counter" VALUES (757,'stats:succeeded:2022-03-20',1,'2022-04-20 11:26:27.3315084');
INSERT INTO "HangFire.Counter" VALUES (758,'stats:succeeded:2022-03-20-11',1,'2022-03-21 11:26:27.3316362');
INSERT INTO "HangFire.Counter" VALUES (759,'stats:succeeded',1,NULL);
INSERT INTO "HangFire.Counter" VALUES (760,'stats:succeeded:2022-03-20',1,'2022-04-20 11:26:27.435326');
INSERT INTO "HangFire.Counter" VALUES (761,'stats:succeeded:2022-03-20-11',1,'2022-03-21 11:26:27.4355268');
INSERT INTO "HangFire.Counter" VALUES (762,'stats:succeeded',1,NULL);
INSERT INTO "HangFire.Counter" VALUES (763,'stats:succeeded:2022-03-20',1,'2022-04-20 11:26:27.4553167');
INSERT INTO "HangFire.Counter" VALUES (764,'stats:succeeded:2022-03-20-11',1,'2022-03-21 11:26:27.455407');
INSERT INTO "HangFire.Counter" VALUES (765,'stats:succeeded',1,NULL);
INSERT INTO "HangFire.Counter" VALUES (766,'stats:succeeded:2022-03-20',1,'2022-04-20 11:26:27.465118');
INSERT INTO "HangFire.Counter" VALUES (767,'stats:succeeded:2022-03-20-11',1,'2022-03-21 11:26:27.4651736');
INSERT INTO "HangFire.Counter" VALUES (768,'stats:succeeded',1,NULL);
INSERT INTO "HangFire.Counter" VALUES (769,'stats:succeeded:2022-03-20',1,'2022-04-20 11:26:27.468298');
INSERT INTO "HangFire.Counter" VALUES (770,'stats:succeeded:2022-03-20-11',1,'2022-03-21 11:26:27.4684078');
INSERT INTO "HangFire.Counter" VALUES (771,'stats:succeeded',1,NULL);
INSERT INTO "HangFire.Counter" VALUES (772,'stats:succeeded:2022-03-20',1,'2022-04-20 11:26:27.4713107');
INSERT INTO "HangFire.Counter" VALUES (773,'stats:succeeded:2022-03-20-11',1,'2022-03-21 11:26:27.471374');
INSERT INTO "HangFire.Counter" VALUES (774,'stats:succeeded',1,NULL);
INSERT INTO "HangFire.Counter" VALUES (775,'stats:succeeded:2022-03-20',1,'2022-04-20 11:26:27.4800856');
INSERT INTO "HangFire.Counter" VALUES (776,'stats:succeeded:2022-03-20-11',1,'2022-03-21 11:26:27.4801794');
INSERT INTO "HangFire.Counter" VALUES (777,'stats:succeeded',1,NULL);
INSERT INTO "HangFire.Counter" VALUES (778,'stats:succeeded:2022-03-20',1,'2022-04-20 11:26:27.4865772');
INSERT INTO "HangFire.Counter" VALUES (779,'stats:succeeded:2022-03-20-11',1,'2022-03-21 11:26:27.4866488');
INSERT INTO "HangFire.Counter" VALUES (780,'stats:succeeded',1,NULL);
INSERT INTO "HangFire.Counter" VALUES (781,'stats:succeeded:2022-03-20',1,'2022-04-20 11:26:27.4957153');
INSERT INTO "HangFire.Counter" VALUES (782,'stats:succeeded:2022-03-20-11',1,'2022-03-21 11:26:27.4957835');
INSERT INTO "HangFire.Counter" VALUES (783,'stats:succeeded',1,NULL);
INSERT INTO "HangFire.Counter" VALUES (784,'stats:succeeded:2022-03-20',1,'2022-04-20 11:26:27.5010431');
INSERT INTO "HangFire.Counter" VALUES (785,'stats:succeeded:2022-03-20-11',1,'2022-03-21 11:26:27.5011681');
INSERT INTO "HangFire.Counter" VALUES (786,'stats:succeeded',1,NULL);
INSERT INTO "HangFire.Counter" VALUES (787,'stats:succeeded:2022-03-20',1,'2022-04-20 11:26:27.5032672');
INSERT INTO "HangFire.Counter" VALUES (788,'stats:succeeded:2022-03-20-11',1,'2022-03-21 11:26:27.5034086');
INSERT INTO "HangFire.Counter" VALUES (789,'stats:succeeded',1,NULL);
INSERT INTO "HangFire.Counter" VALUES (790,'stats:succeeded:2022-03-20',1,'2022-04-20 11:26:27.5077399');
INSERT INTO "HangFire.Counter" VALUES (791,'stats:succeeded:2022-03-20-11',1,'2022-03-21 11:26:27.5078027');
INSERT INTO "HangFire.Counter" VALUES (792,'stats:succeeded',1,NULL);
INSERT INTO "HangFire.Counter" VALUES (793,'stats:succeeded:2022-03-20',1,'2022-04-20 11:26:27.5093491');
INSERT INTO "HangFire.Counter" VALUES (794,'stats:succeeded:2022-03-20-11',1,'2022-03-21 11:26:27.5094133');
INSERT INTO "HangFire.Counter" VALUES (795,'stats:succeeded',1,NULL);
INSERT INTO "HangFire.Counter" VALUES (796,'stats:succeeded:2022-03-20',1,'2022-04-20 11:27:15.9328422');
INSERT INTO "HangFire.Counter" VALUES (797,'stats:succeeded:2022-03-20-11',1,'2022-03-21 11:27:15.9331395');
INSERT INTO "HangFire.Counter" VALUES (798,'stats:succeeded',1,NULL);
INSERT INTO "HangFire.Counter" VALUES (799,'stats:succeeded:2022-03-20',1,'2022-04-20 11:27:15.9388303');
INSERT INTO "HangFire.Counter" VALUES (800,'stats:succeeded:2022-03-20-11',1,'2022-03-21 11:27:15.938943');
INSERT INTO "HangFire.Counter" VALUES (801,'stats:succeeded',1,NULL);
INSERT INTO "HangFire.Counter" VALUES (802,'stats:succeeded:2022-03-20',1,'2022-04-20 11:27:15.9595013');
INSERT INTO "HangFire.Counter" VALUES (803,'stats:succeeded:2022-03-20-11',1,'2022-03-21 11:27:15.9596318');
INSERT INTO "HangFire.Counter" VALUES (804,'stats:succeeded',1,NULL);
INSERT INTO "HangFire.Counter" VALUES (805,'stats:succeeded:2022-03-20',1,'2022-04-20 11:27:15.9657172');
INSERT INTO "HangFire.Counter" VALUES (806,'stats:succeeded:2022-03-20-11',1,'2022-03-21 11:27:15.9658493');
INSERT INTO "HangFire.Counter" VALUES (807,'stats:succeeded',1,NULL);
INSERT INTO "HangFire.Counter" VALUES (808,'stats:succeeded:2022-03-20',1,'2022-04-20 11:27:15.9983814');
INSERT INTO "HangFire.Counter" VALUES (809,'stats:succeeded:2022-03-20-11',1,'2022-03-21 11:27:16.0008472');
INSERT INTO "HangFire.Counter" VALUES (810,'stats:succeeded',1,NULL);
INSERT INTO "HangFire.Counter" VALUES (811,'stats:succeeded:2022-03-20',1,'2022-04-20 11:27:16.0041177');
INSERT INTO "HangFire.Counter" VALUES (812,'stats:succeeded:2022-03-20-11',1,'2022-03-21 11:27:16.0042216');
INSERT INTO "HangFire.Counter" VALUES (813,'stats:succeeded',1,NULL);
INSERT INTO "HangFire.Counter" VALUES (814,'stats:succeeded:2022-03-20',1,'2022-04-20 11:27:16.0099921');
INSERT INTO "HangFire.Counter" VALUES (815,'stats:succeeded:2022-03-20-11',1,'2022-03-21 11:27:16.0100725');
INSERT INTO "HangFire.Counter" VALUES (816,'stats:succeeded',1,NULL);
INSERT INTO "HangFire.Counter" VALUES (817,'stats:succeeded:2022-03-20',1,'2022-04-20 11:32:39.9673794');
INSERT INTO "HangFire.Counter" VALUES (818,'stats:succeeded:2022-03-20-11',1,'2022-03-21 11:32:39.9690621');
INSERT INTO "HangFire.Counter" VALUES (819,'stats:succeeded',1,NULL);
INSERT INTO "HangFire.Counter" VALUES (820,'stats:succeeded:2022-03-20',1,'2022-04-20 11:32:39.9724102');
INSERT INTO "HangFire.Counter" VALUES (821,'stats:succeeded:2022-03-20-11',1,'2022-03-21 11:32:39.9725586');
INSERT INTO "HangFire.Counter" VALUES (822,'stats:succeeded',1,NULL);
INSERT INTO "HangFire.Counter" VALUES (823,'stats:succeeded:2022-03-20',1,'2022-04-20 11:32:39.9741883');
INSERT INTO "HangFire.Counter" VALUES (824,'stats:succeeded:2022-03-20-11',1,'2022-03-21 11:32:39.9742862');
INSERT INTO "HangFire.Counter" VALUES (825,'stats:succeeded',1,NULL);
INSERT INTO "HangFire.Counter" VALUES (826,'stats:succeeded:2022-03-20',1,'2022-04-20 11:32:39.9774448');
INSERT INTO "HangFire.Counter" VALUES (827,'stats:succeeded:2022-03-20-11',1,'2022-03-21 11:32:39.9775231');
INSERT INTO "HangFire.Counter" VALUES (828,'stats:succeeded',1,NULL);
INSERT INTO "HangFire.Counter" VALUES (829,'stats:succeeded:2022-03-20',1,'2022-04-20 11:32:39.9787839');
INSERT INTO "HangFire.Counter" VALUES (830,'stats:succeeded:2022-03-20-11',1,'2022-03-21 11:32:39.9788971');
INSERT INTO "HangFire.Counter" VALUES (831,'stats:succeeded',1,NULL);
INSERT INTO "HangFire.Counter" VALUES (832,'stats:succeeded:2022-03-20',1,'2022-04-20 11:32:39.9803198');
INSERT INTO "HangFire.Counter" VALUES (833,'stats:succeeded:2022-03-20-11',1,'2022-03-21 11:32:39.9803946');
INSERT INTO "HangFire.Counter" VALUES (834,'stats:succeeded',1,NULL);
INSERT INTO "HangFire.Counter" VALUES (835,'stats:succeeded:2022-03-20',1,'2022-04-20 11:32:39.9814678');
INSERT INTO "HangFire.Counter" VALUES (836,'stats:succeeded:2022-03-20-11',1,'2022-03-21 11:32:39.9815291');
INSERT INTO "HangFire.Counter" VALUES (837,'stats:succeeded',1,NULL);
INSERT INTO "HangFire.Counter" VALUES (838,'stats:succeeded:2022-03-20',1,'2022-04-20 11:32:39.9825031');
INSERT INTO "HangFire.Counter" VALUES (839,'stats:succeeded:2022-03-20-11',1,'2022-03-21 11:32:39.9825804');
INSERT INTO "HangFire.Counter" VALUES (840,'stats:succeeded',1,NULL);
INSERT INTO "HangFire.Counter" VALUES (841,'stats:succeeded:2022-03-20',1,'2022-04-20 11:32:39.9837138');
INSERT INTO "HangFire.Counter" VALUES (842,'stats:succeeded:2022-03-20-11',1,'2022-03-21 11:32:39.9838276');
INSERT INTO "HangFire.Counter" VALUES (843,'stats:succeeded',1,NULL);
INSERT INTO "HangFire.Counter" VALUES (844,'stats:succeeded:2022-03-20',1,'2022-04-20 11:32:39.9852837');
INSERT INTO "HangFire.Counter" VALUES (845,'stats:succeeded:2022-03-20-11',1,'2022-03-21 11:32:39.9853408');
INSERT INTO "HangFire.Counter" VALUES (846,'stats:succeeded',1,NULL);
INSERT INTO "HangFire.Counter" VALUES (847,'stats:succeeded:2022-03-20',1,'2022-04-20 11:32:39.9855265');
INSERT INTO "HangFire.Counter" VALUES (848,'stats:succeeded:2022-03-20-11',1,'2022-03-21 11:32:39.9864513');
INSERT INTO "HangFire.Counter" VALUES (849,'stats:succeeded',1,NULL);
INSERT INTO "HangFire.Counter" VALUES (850,'stats:succeeded:2022-03-20',1,'2022-04-20 11:32:39.9875334');
INSERT INTO "HangFire.Counter" VALUES (851,'stats:succeeded:2022-03-20-11',1,'2022-03-21 11:32:39.9875874');
INSERT INTO "HangFire.Counter" VALUES (852,'stats:succeeded',1,NULL);
INSERT INTO "HangFire.Counter" VALUES (853,'stats:succeeded:2022-03-20',1,'2022-04-20 11:32:39.9887423');
INSERT INTO "HangFire.Counter" VALUES (854,'stats:succeeded:2022-03-20-11',1,'2022-03-21 11:32:39.9887887');
INSERT INTO "HangFire.Counter" VALUES (855,'stats:succeeded',1,NULL);
INSERT INTO "HangFire.Counter" VALUES (856,'stats:succeeded:2022-03-20',1,'2022-04-20 11:32:39.9898889');
INSERT INTO "HangFire.Counter" VALUES (857,'stats:succeeded:2022-03-20-11',1,'2022-03-21 11:32:39.9899457');
INSERT INTO "HangFire.Counter" VALUES (858,'stats:succeeded',1,NULL);
INSERT INTO "HangFire.Counter" VALUES (859,'stats:succeeded:2022-03-20',1,'2022-04-20 11:32:39.9911076');
INSERT INTO "HangFire.Counter" VALUES (860,'stats:succeeded:2022-03-20-11',1,'2022-03-21 11:32:39.9911865');
INSERT INTO "HangFire.Counter" VALUES (861,'stats:succeeded',1,NULL);
INSERT INTO "HangFire.Counter" VALUES (862,'stats:succeeded:2022-03-20',1,'2022-04-20 11:32:39.9922674');
INSERT INTO "HangFire.Counter" VALUES (863,'stats:succeeded:2022-03-20-11',1,'2022-03-21 11:32:39.9923215');
INSERT INTO "HangFire.Counter" VALUES (864,'stats:succeeded',1,NULL);
INSERT INTO "HangFire.Counter" VALUES (865,'stats:succeeded:2022-03-20',1,'2022-04-20 11:32:39.9933402');
INSERT INTO "HangFire.Counter" VALUES (866,'stats:succeeded:2022-03-20-11',1,'2022-03-21 11:32:39.9934252');
INSERT INTO "HangFire.Counter" VALUES (867,'stats:succeeded',1,NULL);
INSERT INTO "HangFire.Counter" VALUES (868,'stats:succeeded:2022-03-20',1,'2022-04-20 11:32:39.994535');
INSERT INTO "HangFire.Counter" VALUES (869,'stats:succeeded:2022-03-20-11',1,'2022-03-21 11:32:39.9946004');
INSERT INTO "HangFire.Counter" VALUES (870,'stats:succeeded',1,NULL);
INSERT INTO "HangFire.Counter" VALUES (871,'stats:succeeded:2022-03-20',1,'2022-04-20 11:32:39.9956501');
INSERT INTO "HangFire.Counter" VALUES (872,'stats:succeeded:2022-03-20-11',1,'2022-03-21 11:32:39.9957109');
INSERT INTO "HangFire.Counter" VALUES (873,'stats:succeeded',1,NULL);
INSERT INTO "HangFire.Counter" VALUES (874,'stats:succeeded:2022-03-20',1,'2022-04-20 11:32:39.9967158');
INSERT INTO "HangFire.Counter" VALUES (875,'stats:succeeded:2022-03-20-11',1,'2022-03-21 11:32:39.9967992');
INSERT INTO "HangFire.Counter" VALUES (876,'stats:succeeded',1,NULL);
INSERT INTO "HangFire.Counter" VALUES (877,'stats:succeeded:2022-03-20',1,'2022-04-20 11:33:11.1664732');
INSERT INTO "HangFire.Counter" VALUES (878,'stats:succeeded:2022-03-20-11',1,'2022-03-21 11:33:11.1666963');
INSERT INTO "HangFire.Counter" VALUES (879,'stats:succeeded',1,NULL);
INSERT INTO "HangFire.Counter" VALUES (880,'stats:succeeded:2022-03-20',1,'2022-04-20 11:33:11.1719835');
INSERT INTO "HangFire.Counter" VALUES (881,'stats:succeeded:2022-03-20-11',1,'2022-03-21 11:33:11.1720785');
INSERT INTO "HangFire.Counter" VALUES (882,'stats:succeeded',1,NULL);
INSERT INTO "HangFire.Counter" VALUES (883,'stats:succeeded:2022-03-20',1,'2022-04-20 11:33:11.1893917');
INSERT INTO "HangFire.Counter" VALUES (884,'stats:succeeded:2022-03-20-11',1,'2022-03-21 11:33:11.1896028');
INSERT INTO "HangFire.Counter" VALUES (885,'stats:succeeded',1,NULL);
INSERT INTO "HangFire.Counter" VALUES (886,'stats:succeeded:2022-03-20',1,'2022-04-20 11:33:11.1946447');
INSERT INTO "HangFire.Counter" VALUES (887,'stats:succeeded:2022-03-20-11',1,'2022-03-21 11:33:11.1954531');
INSERT INTO "HangFire.Counter" VALUES (888,'stats:succeeded',1,NULL);
INSERT INTO "HangFire.Counter" VALUES (889,'stats:succeeded:2022-03-20',1,'2022-04-20 11:33:11.3584227');
INSERT INTO "HangFire.Counter" VALUES (890,'stats:succeeded:2022-03-20-11',1,'2022-03-21 11:33:11.3586747');
INSERT INTO "HangFire.Counter" VALUES (891,'stats:succeeded',1,NULL);
INSERT INTO "HangFire.Counter" VALUES (892,'stats:succeeded:2022-03-20',1,'2022-04-20 11:33:11.3613727');
INSERT INTO "HangFire.Counter" VALUES (893,'stats:succeeded:2022-03-20-11',1,'2022-03-21 11:33:11.3614543');
INSERT INTO "HangFire.Counter" VALUES (894,'stats:succeeded',1,NULL);
INSERT INTO "HangFire.Counter" VALUES (895,'stats:succeeded:2022-03-20',1,'2022-04-20 11:33:11.3631904');
INSERT INTO "HangFire.Counter" VALUES (896,'stats:succeeded:2022-03-20-11',1,'2022-03-21 11:33:11.3632696');
INSERT INTO "HangFire.Counter" VALUES (897,'stats:succeeded',1,NULL);
INSERT INTO "HangFire.Counter" VALUES (898,'stats:succeeded:2022-03-20',1,'2022-04-20 11:33:11.3648067');
INSERT INTO "HangFire.Counter" VALUES (899,'stats:succeeded:2022-03-20-11',1,'2022-03-21 11:33:11.364912');
INSERT INTO "HangFire.Counter" VALUES (900,'stats:succeeded',1,NULL);
INSERT INTO "HangFire.Counter" VALUES (901,'stats:succeeded:2022-03-20',1,'2022-04-20 11:33:11.3705799');
INSERT INTO "HangFire.Counter" VALUES (902,'stats:succeeded:2022-03-20-11',1,'2022-03-21 11:33:11.3706368');
INSERT INTO "HangFire.Counter" VALUES (903,'stats:succeeded',1,NULL);
INSERT INTO "HangFire.Counter" VALUES (904,'stats:succeeded:2022-03-20',1,'2022-04-20 11:33:11.3730961');
INSERT INTO "HangFire.Counter" VALUES (905,'stats:succeeded:2022-03-20-11',1,'2022-03-21 11:33:11.3731682');
INSERT INTO "HangFire.Counter" VALUES (906,'stats:succeeded',1,NULL);
INSERT INTO "HangFire.Counter" VALUES (907,'stats:succeeded:2022-03-20',1,'2022-04-20 11:33:11.3782203');
INSERT INTO "HangFire.Counter" VALUES (908,'stats:succeeded:2022-03-20-11',1,'2022-03-21 11:33:11.3782759');
INSERT INTO "HangFire.Counter" VALUES (909,'stats:succeeded',1,NULL);
INSERT INTO "HangFire.Counter" VALUES (910,'stats:succeeded:2022-03-20',1,'2022-04-20 11:33:11.3796728');
INSERT INTO "HangFire.Counter" VALUES (911,'stats:succeeded:2022-03-20-11',1,'2022-03-21 11:33:11.3797557');
INSERT INTO "HangFire.Counter" VALUES (912,'stats:succeeded',1,NULL);
INSERT INTO "HangFire.Counter" VALUES (913,'stats:succeeded:2022-03-20',1,'2022-04-20 11:33:12.1852055');
INSERT INTO "HangFire.Counter" VALUES (914,'stats:succeeded:2022-03-20-11',1,'2022-03-21 11:33:12.1853487');
INSERT INTO "HangFire.Counter" VALUES (915,'stats:succeeded',1,NULL);
INSERT INTO "HangFire.Counter" VALUES (916,'stats:succeeded:2022-03-20',1,'2022-04-20 11:33:26.2400042');
INSERT INTO "HangFire.Counter" VALUES (917,'stats:succeeded:2022-03-20-11',1,'2022-03-21 11:33:26.2418259');
INSERT INTO "HangFire.Counter" VALUES (918,'stats:succeeded',1,NULL);
INSERT INTO "HangFire.Counter" VALUES (919,'stats:succeeded:2022-03-20',1,'2022-04-20 11:33:26.3091438');
INSERT INTO "HangFire.Counter" VALUES (920,'stats:succeeded:2022-03-20-11',1,'2022-03-21 11:33:26.3093057');
INSERT INTO "HangFire.Counter" VALUES (921,'stats:succeeded',1,NULL);
INSERT INTO "HangFire.Counter" VALUES (922,'stats:succeeded:2022-03-20',1,'2022-04-20 11:33:26.3243994');
INSERT INTO "HangFire.Counter" VALUES (923,'stats:succeeded:2022-03-20-11',1,'2022-03-21 11:33:26.3244776');
INSERT INTO "HangFire.Counter" VALUES (924,'stats:succeeded',1,NULL);
INSERT INTO "HangFire.Counter" VALUES (925,'stats:succeeded:2022-03-20',1,'2022-04-20 18:18:09.9062137');
INSERT INTO "HangFire.Counter" VALUES (926,'stats:succeeded:2022-03-20-18',1,'2022-03-21 18:18:09.9089243');
INSERT INTO "HangFire.Counter" VALUES (927,'stats:succeeded',1,NULL);
INSERT INTO "HangFire.Counter" VALUES (928,'stats:succeeded:2022-03-20',1,'2022-04-20 18:18:09.9198245');
INSERT INTO "HangFire.Counter" VALUES (929,'stats:succeeded:2022-03-20-18',1,'2022-03-21 18:18:09.9199226');
INSERT INTO "HangFire.Counter" VALUES (930,'stats:succeeded',1,NULL);
INSERT INTO "HangFire.Counter" VALUES (931,'stats:succeeded:2022-03-20',1,'2022-04-20 18:18:09.9237442');
INSERT INTO "HangFire.Counter" VALUES (932,'stats:succeeded:2022-03-20-18',1,'2022-03-21 18:18:09.923797');
INSERT INTO "HangFire.Counter" VALUES (933,'stats:succeeded',1,NULL);
INSERT INTO "HangFire.Counter" VALUES (934,'stats:succeeded:2022-03-20',1,'2022-04-20 18:18:09.9255638');
INSERT INTO "HangFire.Counter" VALUES (935,'stats:succeeded:2022-03-20-18',1,'2022-03-21 18:18:09.9256197');
INSERT INTO "HangFire.Counter" VALUES (936,'stats:succeeded',1,NULL);
INSERT INTO "HangFire.Counter" VALUES (937,'stats:succeeded:2022-03-20',1,'2022-04-20 18:18:09.9275814');
INSERT INTO "HangFire.Counter" VALUES (938,'stats:succeeded:2022-03-20-18',1,'2022-03-21 18:18:09.9276253');
INSERT INTO "HangFire.Counter" VALUES (939,'stats:succeeded',1,NULL);
INSERT INTO "HangFire.Counter" VALUES (940,'stats:succeeded:2022-03-20',1,'2022-04-20 18:18:09.9300032');
INSERT INTO "HangFire.Counter" VALUES (941,'stats:succeeded:2022-03-20-18',1,'2022-03-21 18:18:09.9300438');
INSERT INTO "HangFire.Counter" VALUES (942,'stats:succeeded',1,NULL);
INSERT INTO "HangFire.Counter" VALUES (943,'stats:succeeded:2022-03-20',1,'2022-04-20 18:18:09.9319932');
INSERT INTO "HangFire.Counter" VALUES (944,'stats:succeeded:2022-03-20-18',1,'2022-03-21 18:18:09.93206');
INSERT INTO "HangFire.Counter" VALUES (945,'stats:succeeded',1,NULL);
INSERT INTO "HangFire.Counter" VALUES (946,'stats:succeeded:2022-03-20',1,'2022-04-20 18:18:09.9359355');
INSERT INTO "HangFire.Counter" VALUES (947,'stats:succeeded:2022-03-20-18',1,'2022-03-21 18:18:09.9360403');
INSERT INTO "HangFire.Counter" VALUES (948,'stats:succeeded',1,NULL);
INSERT INTO "HangFire.Counter" VALUES (949,'stats:succeeded:2022-03-20',1,'2022-04-20 18:18:09.9374379');
INSERT INTO "HangFire.Counter" VALUES (950,'stats:succeeded:2022-03-20-18',1,'2022-03-21 18:18:09.9374879');
INSERT INTO "HangFire.Counter" VALUES (951,'stats:succeeded',1,NULL);
INSERT INTO "HangFire.Counter" VALUES (952,'stats:succeeded:2022-03-20',1,'2022-04-20 18:18:09.9390034');
INSERT INTO "HangFire.Counter" VALUES (953,'stats:succeeded:2022-03-20-18',1,'2022-03-21 18:18:09.9390974');
INSERT INTO "HangFire.Counter" VALUES (954,'stats:succeeded',1,NULL);
INSERT INTO "HangFire.Counter" VALUES (955,'stats:succeeded:2022-03-20',1,'2022-04-20 18:18:09.9411568');
INSERT INTO "HangFire.Counter" VALUES (956,'stats:succeeded:2022-03-20-18',1,'2022-03-21 18:18:09.9412128');
INSERT INTO "HangFire.Counter" VALUES (957,'stats:succeeded',1,NULL);
INSERT INTO "HangFire.Counter" VALUES (958,'stats:succeeded:2022-03-20',1,'2022-04-20 18:18:09.9428697');
INSERT INTO "HangFire.Counter" VALUES (959,'stats:succeeded:2022-03-20-18',1,'2022-03-21 18:18:09.9429217');
INSERT INTO "HangFire.Counter" VALUES (960,'stats:succeeded',1,NULL);
INSERT INTO "HangFire.Counter" VALUES (961,'stats:succeeded:2022-03-20',1,'2022-04-20 18:18:09.9451556');
INSERT INTO "HangFire.Counter" VALUES (962,'stats:succeeded:2022-03-20-18',1,'2022-03-21 18:18:09.9452515');
INSERT INTO "HangFire.Counter" VALUES (963,'stats:succeeded',1,NULL);
INSERT INTO "HangFire.Counter" VALUES (964,'stats:succeeded:2022-03-20',1,'2022-04-20 18:18:09.9474962');
INSERT INTO "HangFire.Counter" VALUES (965,'stats:succeeded:2022-03-20-18',1,'2022-03-21 18:18:09.9475396');
INSERT INTO "HangFire.Counter" VALUES (966,'stats:succeeded',1,NULL);
INSERT INTO "HangFire.Counter" VALUES (967,'stats:succeeded:2022-03-20',1,'2022-04-20 18:18:09.949191');
INSERT INTO "HangFire.Counter" VALUES (968,'stats:succeeded:2022-03-20-18',1,'2022-03-21 18:18:09.9492193');
INSERT INTO "HangFire.Counter" VALUES (969,'stats:succeeded',1,NULL);
INSERT INTO "HangFire.Counter" VALUES (970,'stats:succeeded:2022-03-20',1,'2022-04-20 18:18:09.9522106');
INSERT INTO "HangFire.Counter" VALUES (971,'stats:succeeded:2022-03-20-18',1,'2022-03-21 18:18:09.9523009');
INSERT INTO "HangFire.Counter" VALUES (972,'stats:succeeded',1,NULL);
INSERT INTO "HangFire.Counter" VALUES (973,'stats:succeeded:2022-03-20',1,'2022-04-20 18:18:09.9539402');
INSERT INTO "HangFire.Counter" VALUES (974,'stats:succeeded:2022-03-20-18',1,'2022-03-21 18:18:09.9539745');
INSERT INTO "HangFire.Counter" VALUES (975,'stats:succeeded',1,NULL);
INSERT INTO "HangFire.Counter" VALUES (976,'stats:succeeded:2022-03-20',1,'2022-04-20 18:18:24.9595453');
INSERT INTO "HangFire.Counter" VALUES (977,'stats:succeeded:2022-03-20-18',1,'2022-03-21 18:18:24.9596454');
INSERT INTO "HangFire.Counter" VALUES (978,'stats:succeeded',1,NULL);
INSERT INTO "HangFire.Counter" VALUES (979,'stats:succeeded:2022-03-20',1,'2022-04-20 18:18:24.9677128');
INSERT INTO "HangFire.Counter" VALUES (980,'stats:succeeded:2022-03-20-18',1,'2022-03-21 18:18:24.967924');
INSERT INTO "HangFire.Counter" VALUES (981,'stats:succeeded',1,NULL);
INSERT INTO "HangFire.Counter" VALUES (982,'stats:succeeded:2022-03-20',1,'2022-04-20 18:18:24.9713082');
INSERT INTO "HangFire.Counter" VALUES (983,'stats:succeeded:2022-03-20-18',1,'2022-03-21 18:18:24.9713575');
INSERT INTO "HangFire.Counter" VALUES (984,'stats:succeeded',1,NULL);
INSERT INTO "HangFire.Counter" VALUES (985,'stats:succeeded:2022-03-20',1,'2022-04-20 18:18:24.9753402');
INSERT INTO "HangFire.Counter" VALUES (986,'stats:succeeded:2022-03-20-18',1,'2022-03-21 18:18:24.9754249');
INSERT INTO "HangFire.Counter" VALUES (987,'stats:succeeded',1,NULL);
INSERT INTO "AgeCategoryDetails" VALUES (1,'Adult',2,1,'8.8','8.8');
INSERT INTO "AgeCategoryDetails" VALUES (2,'Child(Age 14 and Under)',2,1,'7.5','7.5');
INSERT INTO "AgeCategoryDetails" VALUES (3,'Family x 4(2 AD + 2CH OR 1AD +3CH)',2,2,'30.0','60.0');
INSERT INTO "AgeCategoryDetails" VALUES (4,'Adult',6,1,'8.8','8.8');
INSERT INTO "AgeCategoryDetails" VALUES (5,'Child(Age 14 and Under)',6,1,'7.5','7.5');
INSERT INTO "AgeCategoryDetails" VALUES (6,'Family x 4(2 AD + 2CH OR 1AD +3CH)',6,2,'30.0','60.0');
INSERT INTO "Bookings" VALUES (1,33,'Ntwali Patrick','2022-03-20 00:00:00','4:00','patrick_ntwali@live.com',4);
INSERT INTO "Bookings" VALUES (2,33,'Ntwali Patrick','2022-03-20 00:00:00','4:00','patrick_ntwali@live.com',4);
INSERT INTO "Bookings" VALUES (3,33,'Ntwali Patrick','2022-03-20 00:00:00','4:00','patrick_ntwali@live.com',4);
INSERT INTO "Seats" VALUES (1,'Left','1','j',1);
INSERT INTO "Seats" VALUES (2,'right','1','a',1);
INSERT INTO "Seats" VALUES (3,'Left','1','j',2);
INSERT INTO "Seats" VALUES (4,'right','1','a',2);
INSERT INTO "Seats" VALUES (5,'Left','1','j',3);
INSERT INTO "Seats" VALUES (6,'right','1','a',3);
INSERT INTO "Seats" VALUES (7,'Left','1','j',3);
INSERT INTO "Seats" VALUES (8,'right','1','a',3);
INSERT INTO "Tickets" VALUES (2,1,4,'76.3');
INSERT INTO "Tickets" VALUES (4,2,4,'76.3');
INSERT INTO "Tickets" VALUES (6,3,4,'76.3');
CREATE UNIQUE INDEX IF NOT EXISTS "IX_Movies_RunningTimeId" ON "Movies" (
	"RunningTimeId"
);
CREATE INDEX IF NOT EXISTS "IX_RunningDays_RunningTimeId" ON "RunningDays" (
	"RunningTimeId"
);
CREATE INDEX IF NOT EXISTS "IX_RunningHourAndMinutes_RunningDayId" ON "RunningHourAndMinutes" (
	"RunningDayId"
);
CREATE INDEX IF NOT EXISTS "Job_IX_HangFire_Job_ExpireAt" ON "HangFire.Job" (
	"ExpireAt"	DESC
);
CREATE INDEX IF NOT EXISTS "Job_IX_HangFire_Job_StateName" ON "HangFire.Job" (
	"StateName"	DESC
);
CREATE INDEX IF NOT EXISTS "State_IX_HangFire_State_JobId" ON "HangFire.State" (
	"JobId"	DESC
);
CREATE INDEX IF NOT EXISTS "JobParameter_IX_HangFire_JobParameter_JobIdAndName" ON "HangFire.JobParameter" (
	"JobId"	DESC,
	"Name"	DESC
);
CREATE INDEX IF NOT EXISTS "JobQueue_IX_HangFire_JobQueue_QueueAndFetchedAt" ON "HangFire.JobQueue" (
	"Queue"	DESC,
	"FetchedAt"	DESC
);
CREATE INDEX IF NOT EXISTS "List_IX_HangFire_List_ExpireAt" ON "HangFire.List" (
	"ExpireAt"	DESC
);
CREATE INDEX IF NOT EXISTS "List_IX_HangFire_List_Key" ON "HangFire.List" (
	"Key"	DESC
);
CREATE INDEX IF NOT EXISTS "Set_IX_HangFire_Set_ExpireAt" ON "HangFire.Set" (
	"ExpireAt"	DESC
);
CREATE INDEX IF NOT EXISTS "Set_IX_HangFire_Set_Key" ON "HangFire.Set" (
	"Key"	DESC
);
CREATE UNIQUE INDEX IF NOT EXISTS "Set_UX_HangFire_Set_KeyAndValue" ON "HangFire.Set" (
	"Key"	DESC,
	"Value"	DESC
);
CREATE INDEX IF NOT EXISTS "Counter_IX_HangFire_Counter_Key" ON "HangFire.Counter" (
	"Key"	DESC
);
CREATE INDEX IF NOT EXISTS "Hash_IX_HangFire_Hash_ExpireAt" ON "HangFire.Hash" (
	"ExpireAt"	DESC
);
CREATE INDEX IF NOT EXISTS "Hash_IX_HangFire_Hash_Key" ON "HangFire.Hash" (
	"Key"	DESC
);
CREATE UNIQUE INDEX IF NOT EXISTS "Hash_UX_HangFire_Hash_Key_Field" ON "HangFire.Hash" (
	"Key"	DESC,
	"Field"	DESC
);
CREATE UNIQUE INDEX IF NOT EXISTS "AggregatedCounter_UX_HangFire_CounterAggregated_Key" ON "HangFire.AggregatedCounter" (
	"Key"	DESC
);
CREATE INDEX IF NOT EXISTS "IX_Seats_BookingId" ON "Seats" (
	"BookingId"
);
CREATE UNIQUE INDEX IF NOT EXISTS "IX_Tickets_BookingId" ON "Tickets" (
	"BookingId"
);
COMMIT;
